InjectedId,SourceGame,SourceCategory,SourceRowId
10000,DS2S,Goods,10
10001,DS2S,Goods,100
10002,DS2S,Goods,1000000
10003,DS2S,Goods,1010000
10004,DS2S,Goods,1040000
10005,DS2S,Goods,1050000
10006,DS2S,Goods,1060000
10007,DS2S,Goods,1070000
10008,DS2S,Goods,1100000
10009,DS2S,Goods,1110000
10010,DS2S,Goods,1130000
10011,DS2S,Goods,1140000
10012,DS2S,Goods,1150000
10013,DS2S,Goods,1160000
10014,DS2S,Goods,1200000
10015,DS2S,Goods,1210000
10016,DS2S,Goods,1220000
10017,DS2S,Goods,1230000
10018,DS2S,Goods,1240000
10019,DS2S,Goods,1250000
10020,DS2S,Goods,1260000
10021,DS2S,Goods,1270000
10022,DS2S,Goods,1280000
10023,DS2S,Goods,1290000
10024,DS2S,Goods,1320000
10025,DS2S,Goods,1330000
10026,DS2S,Goods,1350000
10027,DS2S,Goods,1360000
10028,DS2S,Goods,1370000
10029,DS2S,Goods,1380000
10030,DS2S,Goods,1390000
10031,DS2S,Goods,1400000
10032,DS2S,Goods,1410000
10033,DS2S,Goods,1420000
10034,DS2S,Goods,1430000
10035,DS2S,Goods,1440000
10036,DS2S,Goods,1500000
10037,DS2S,Goods,1520000
10038,DS2S,Goods,1530000
10039,DS2S,Goods,1580000
10040,DS2S,Goods,1600000
10041,DS2S,Goods,1610000
10042,DS2S,Goods,1620000
10043,DS2S,Goods,1630000
10044,DS2S,Goods,1640000
10045,DS2S,Goods,1650000
10046,DS2S,Goods,1660000
10047,DS2S,Goods,1670000
10048,DS2S,Goods,1680000
10049,DS2S,Goods,1690000
10050,DS2S,Goods,1700000
10051,DS2S,Goods,1710000
10052,DS2S,Goods,1720000
10053,DS2S,Goods,1730000
10054,DS2S,Goods,1740000
10055,DS2S,Goods,1760000
10056,DS2S,Goods,1770000
10057,DS2S,Goods,1790000
10058,DS2S,Goods,1800000
10059,DS2S,Goods,1810000
10060,DS2S,Goods,1820000
10061,DS2S,Goods,1830000
10062,DS2S,Goods,1831000
10063,DS2S,Goods,1850000
10064,DS2S,Goods,1860000
10065,DS2S,Goods,1870000
10066,DS2S,Goods,1871000
10067,DS2S,Goods,1880000
10068,DS2S,Goods,1900000
10069,DS2S,Goods,1910000
10070,DS2S,Goods,1911000
10071,DS2S,Goods,1920000
10072,DS2S,Goods,1930000
10073,DS2S,Goods,1940000
10074,DS2S,Goods,1950000
10075,DS2S,Goods,1960000
10076,DS2S,Goods,1970000
10077,DS2S,Goods,1980000
10078,DS2S,Goods,1990000
10079,DS2S,Goods,1995000
10080,DS2S,Goods,1996000
10081,DS2S,Goods,1997000
10082,DS2S,Goods,2000000
10083,DS2S,Goods,2010000
10084,DS2S,Goods,2020000
10085,DS2S,Goods,2030000
10086,DS2S,Goods,2070000
10087,DS2S,Goods,2080000
10088,DS2S,Goods,2090000
10089,DS2S,Goods,2100000
10090,DS2S,Goods,2200000
10091,DS2S,Goods,2210000
10092,DS2S,Goods,2220000
10093,DS2S,Goods,2240000
10094,DS2S,Goods,2250000
10095,DS2S,Goods,2260000
10096,DS2S,Goods,2290000
10097,DS2S,Goods,2300000
10098,DS2S,Goods,2310000
10099,DS2S,Goods,2400000
10100,DS2S,Goods,2410000
10101,DS2S,Goods,2420000
10102,DS2S,Goods,2430000
10103,DS2S,Goods,2440000
10104,DS2S,Goods,2470000
10105,DS2S,Goods,2500000
10106,DS2S,Goods,2520000
10107,DS2S,Goods,2530000
10108,DS2S,Goods,2540000
10109,DS2S,Goods,2560000
10110,DS2S,Goods,2600000
10111,DS2S,Goods,2610000
10112,DS2S,Goods,2620000
10113,DS2S,Goods,2630000
10114,DS2S,Goods,2660000
10115,DS2S,Goods,2670000
10116,DS2S,Goods,2680000
10117,DS2S,Goods,2690000
10118,DS2S,Goods,2700000
10119,DS2S,Goods,2710000
10120,DS2S,Goods,2720000
10121,DS2S,Goods,2730000
10122,DS2S,Goods,2740000
10123,DS2S,Goods,2750000
10124,DS2S,Goods,2760000
10125,DS2S,Goods,2800000
10126,DS2S,Goods,2810000
10127,DS2S,Goods,2820000
10128,DS2S,Goods,2830000
10129,DS2S,Goods,2840000
10130,DS2S,Goods,2850000
10131,DS2S,Goods,2855000
10132,DS2S,Goods,2860000
10133,DS2S,Goods,2870000
10134,DS2S,Goods,2880000
10135,DS2S,Goods,2890000
10136,DS2S,Goods,2895000
10137,DS2S,Goods,2896000
10138,DS2S,Goods,2900000
10139,DS2S,Goods,2920000
10140,DS2S,Goods,2930000
10141,DS2S,Goods,2940000
10142,DS2S,Goods,2950000
10143,DS2S,Goods,2960000
10144,DS2S,Goods,3000000
10145,DS2S,Goods,3010000
10146,DS2S,Goods,3020000
10147,DS2S,Goods,3040000
10148,DS2S,Goods,3050000
10149,DS2S,Goods,3060000
10150,DS2S,Goods,3070000
10151,DS2S,Goods,3080000
10152,DS2S,Goods,3200000
10153,DS2S,Goods,3210000
10154,DS2S,Goods,3220000
10155,DS2S,Goods,3240000
10156,DS2S,Goods,3250000
10157,DS2S,Goods,3251000
10158,DS2S,Goods,3270000
10159,DS2S,Goods,3280000
10160,DS2S,Goods,3290000
10161,DS2S,Goods,3300000
10162,DS2S,Goods,3310000
10163,DS2S,Goods,3320000
10164,DS2S,Goods,3330000
10165,DS2S,Goods,3340000
10166,DS2S,Goods,3350000
10167,DS2S,Goods,3370000
10168,DS2S,Goods,3400000
10169,DS2S,Goods,3401000
10170,DS2S,Goods,3410000
10171,DS2S,Goods,3420000
10172,DS2S,Goods,3430000
10173,DS2S,Goods,3440000
10174,DS2S,Goods,3500000
10175,DS2S,Goods,3530000
10176,DS2S,Goods,3600000
10177,DS2S,Goods,3610000
10178,DS2S,Goods,3620000
10179,DS2S,Goods,3630000
10180,DS2S,Goods,3660000
10181,DS2S,Goods,3800000
10182,DS2S,Goods,3810000
10183,DS2S,Goods,3820000
10184,DS2S,Goods,3830000
10185,DS2S,Goods,3850000
10186,DS2S,Goods,3860000
10187,DS2S,Goods,3870000
10188,DS2S,Goods,3880000
10189,DS2S,Goods,3890000
10190,DS2S,Goods,3900000
10191,DS2S,Goods,3910000
10192,DS2S,Goods,3930000
10193,DS2S,Goods,3940000
10194,DS2S,Goods,4010000
10195,DS2S,Goods,4020000
10196,DS2S,Goods,4030000
10197,DS2S,Goods,4040000
10198,DS2S,Goods,4050000
10199,DS2S,Goods,4060000
10200,DS2S,Goods,4080000
10201,DS2S,Goods,4090000
10202,DS2S,Goods,4100000
10203,DS2S,Goods,4110000
10204,DS2S,Goods,4120000
10205,DS2S,Goods,4150000
10206,DS2S,Goods,4200000
10207,DS2S,Goods,4210000
10208,DS2S,Goods,4220000
10209,DS2S,Goods,4230000
10210,DS2S,Goods,4240000
10211,DS2S,Goods,4270000
10212,DS2S,Goods,4280000
10213,DS2S,Goods,4290000
10214,DS2S,Goods,4400000
10215,DS2S,Goods,4420000
10216,DS2S,Goods,4430000
10217,DS2S,Goods,4440000
10218,DS2S,Goods,4600000
10219,DS2S,Goods,4610000
10220,DS2S,Goods,4630000
10221,DS2S,Goods,4660000
10222,DS2S,Goods,4670000
10223,DS2S,Goods,4680000
10224,DS2S,Goods,5000000
10225,DS2S,Goods,5010000
10226,DS2S,Goods,5040000
10227,DS2S,Goods,5050000
10228,DS2S,Goods,5200000
10229,DS2S,Goods,5210000
10230,DS2S,Goods,5220000
10231,DS2S,Goods,5225000
10232,DS2S,Goods,5230000
10233,DS2S,Goods,5240000
10234,DS2S,Goods,5250000
10235,DS2S,Goods,5255000
10236,DS2S,Goods,5270000
10237,DS2S,Goods,5275000
10238,DS2S,Goods,5280000
10239,DS2S,Goods,5285000
10240,DS2S,Goods,5290000
10241,DS2S,Goods,5295000
10242,DS2S,Goods,5310000
10243,DS2S,Goods,5330000
10244,DS2S,Goods,5340000
10245,DS2S,Goods,5350000
10246,DS2S,Goods,5360000
10247,DS2S,Goods,5370000
10248,DS2S,Goods,5400000
10249,DS2S,Goods,5410000
10250,DS2S,Goods,5500000
10251,DS2S,Goods,5510000
10252,DS2S,Goods,5520000
10253,DS2S,Goods,5530000
10254,DS2S,Goods,5540000
10255,DS2S,Goods,5600000
10256,DS2S,Goods,5610000
10257,DS2S,Goods,5620000
10258,DS2S,Goods,5630000
10259,DS2S,Goods,5640000
10260,DS2S,Goods,5650000
10261,DS2S,Goods,5660000
10262,DS2S,Goods,6100000
10263,DS2S,Goods,11000000
10264,DS2S,Goods,11005000
10265,DS2S,Goods,11010000
10266,DS2S,Goods,11020000
10267,DS2S,Goods,11030000
10268,DS2S,Goods,11040000
10269,DS2S,Goods,11050000
10270,DS2S,Goods,11070000
10271,DS2S,Goods,11080000
10272,DS2S,Goods,11091000
10273,DS2S,Goods,11110000
10274,DS2S,Goods,11120000
10275,DS2S,Goods,11130000
10276,DS2S,Goods,11140000
10277,DS2S,Goods,11150000
10278,DS2S,Goods,11160000
10279,DS2S,Goods,11185000
10280,DS2S,Goods,11200000
10281,DS2S,Goods,11210000
10282,DS2S,Goods,11220000
10283,DS2S,Goods,11230000
10284,DS2S,Goods,11240000
10285,DS2S,Goods,11250000
10286,DS2S,Goods,11260000
10287,DS2S,Goods,11270000
10288,DS2S,Goods,11280000
10289,DS2S,Goods,11290000
10290,DS2S,Goods,11295000
10291,DS2S,Goods,11300000
10292,DS2S,Goods,11310000
10293,DS2S,Goods,11320000
10294,DS2S,Goods,11330000
10295,DS2S,Goods,11350000
10296,DS2S,Goods,11360000
10297,DS2S,Goods,11370000
10298,DS2S,Goods,11380000
10299,DS2S,Goods,11390000
10300,DS2S,Goods,11395000
10301,DS2S,Goods,11400000
10302,DS2S,Goods,11420000
10303,DS2S,Goods,11430000
10304,DS2S,Goods,11450000
10305,DS2S,Goods,11455000
10306,DS2S,Goods,11470000
10307,DS2S,Goods,11475000
10308,DS2S,Goods,11480000
10309,DS2S,Goods,11485000
10310,DS2S,Goods,11490000
10311,DS2S,Goods,11495000
10312,DS2S,Goods,11500000
10313,DS2S,Goods,11510000
10314,DS2S,Goods,11530000
10315,DS2S,Goods,11540000
10316,DS2S,Goods,11550000
10317,DS2S,Goods,11560000
10318,DS2S,Goods,11570000
10319,DS2S,Goods,11590000
10320,DS2S,Goods,11600000
10321,DS2S,Goods,11610000
10322,DS2S,Goods,11620000
10323,DS2S,Goods,11630000
10324,DS2S,Goods,11640000
10325,DS2S,Goods,11650000
10326,DS2S,Goods,11700000
10327,DS2S,Goods,11710000
10328,DS2S,Goods,11720000
10329,DS2S,Goods,11730000
10330,DS2S,Goods,11740000
10331,DS2S,Goods,11750000
10332,DS2S,Goods,11800000
10333,DS2S,Goods,11810000
10334,DS2S,Goods,11820000
10335,DS2S,Goods,11830000
10336,DS2S,Goods,11840000
10337,DS2S,Goods,21001100
10338,DS2S,Goods,21001101
10339,DS2S,Goods,21001102
10340,DS2S,Goods,21001103
10341,DS2S,Goods,21010100
10342,DS2S,Goods,21010101
10343,DS2S,Goods,21010102
10344,DS2S,Goods,21010103
10345,DS2S,Goods,21020100
10346,DS2S,Goods,21020101
10347,DS2S,Goods,21020102
10348,DS2S,Goods,21020103
10349,DS2S,Goods,21030100
10350,DS2S,Goods,21030101
10351,DS2S,Goods,21030102
10352,DS2S,Goods,21030103
10353,DS2S,Goods,21040100
10354,DS2S,Goods,21040101
10355,DS2S,Goods,21040102
10356,DS2S,Goods,21040103
10357,DS2S,Goods,21050100
10358,DS2S,Goods,21050101
10359,DS2S,Goods,21050102
10360,DS2S,Goods,21050103
10361,DS2S,Goods,21060100
10362,DS2S,Goods,21060101
10363,DS2S,Goods,21060102
10364,DS2S,Goods,21060103
10365,DS2S,Goods,21070100
10366,DS2S,Goods,21070101
10367,DS2S,Goods,21070102
10368,DS2S,Goods,21070103
10369,DS2S,Goods,21080100
10370,DS2S,Goods,21080101
10371,DS2S,Goods,21080102
10372,DS2S,Goods,21080103
10373,DS2S,Goods,21100100
10374,DS2S,Goods,21100101
10375,DS2S,Goods,21100102
10376,DS2S,Goods,21100103
10377,DS2S,Goods,21140100
10378,DS2S,Goods,21140101
10379,DS2S,Goods,21140102
10380,DS2S,Goods,21140103
10381,DS2S,Goods,21160100
10382,DS2S,Goods,21160101
10383,DS2S,Goods,21160102
10384,DS2S,Goods,21160103
10385,DS2S,Goods,21210100
10386,DS2S,Goods,21210101
10387,DS2S,Goods,21210102
10388,DS2S,Goods,21210103
10389,DS2S,Goods,21230100
10390,DS2S,Goods,21230101
10391,DS2S,Goods,21230102
10392,DS2S,Goods,21230103
10393,DS2S,Goods,21320100
10394,DS2S,Goods,21320101
10395,DS2S,Goods,21320102
10396,DS2S,Goods,21320103
10397,DS2S,Goods,21330100
10398,DS2S,Goods,21330101
10399,DS2S,Goods,21330102
10400,DS2S,Goods,21330103
10401,DS2S,Goods,21340100
10402,DS2S,Goods,21340101
10403,DS2S,Goods,21340102
10404,DS2S,Goods,21340103
10405,DS2S,Goods,21350100
10406,DS2S,Goods,21350101
10407,DS2S,Goods,21350102
10408,DS2S,Goods,21350103
10409,DS2S,Goods,21360100
10410,DS2S,Goods,21360101
10411,DS2S,Goods,21360102
10412,DS2S,Goods,21360103
10413,DS2S,Goods,21361100
10414,DS2S,Goods,21361101
10415,DS2S,Goods,21361102
10416,DS2S,Goods,21361103
10417,DS2S,Goods,21370100
10418,DS2S,Goods,21370101
10419,DS2S,Goods,21370102
10420,DS2S,Goods,21370103
10421,DS2S,Goods,21390100
10422,DS2S,Goods,21390101
10423,DS2S,Goods,21390102
10424,DS2S,Goods,21390103
10425,DS2S,Goods,21430100
10426,DS2S,Goods,21440102
10427,DS2S,Goods,21460103
10428,DS2S,Goods,21470100
10429,DS2S,Goods,21470101
10430,DS2S,Goods,21470102
10431,DS2S,Goods,21470103
10432,DS2S,Goods,21480100
10433,DS2S,Goods,21480101
10434,DS2S,Goods,21480102
10435,DS2S,Goods,21480103
10436,DS2S,Goods,21490100
10437,DS2S,Goods,21490101
10438,DS2S,Goods,21490102
10439,DS2S,Goods,21490103
10440,DS2S,Goods,21500100
10441,DS2S,Goods,21500101
10442,DS2S,Goods,21500102
10443,DS2S,Goods,21500103
10444,DS2S,Goods,21501100
10445,DS2S,Goods,21502100
10446,DS2S,Goods,21600000
10447,DS2S,Goods,21600100
10448,DS2S,Goods,21600101
10449,DS2S,Goods,21600102
10450,DS2S,Goods,21600103
10451,DS2S,Goods,21610000
10452,DS2S,Goods,21610100
10453,DS2S,Goods,21610101
10454,DS2S,Goods,21610102
10455,DS2S,Goods,21610103
10456,DS2S,Goods,21620000
10457,DS2S,Goods,21630000
10458,DS2S,Goods,21630100
10459,DS2S,Goods,21640000
10460,DS2S,Goods,21640100
10461,DS2S,Goods,21650000
10462,DS2S,Goods,21650100
10463,DS2S,Goods,21660000
10464,DS2S,Goods,21660100
10465,DS2S,Goods,21670000
10466,DS2S,Goods,21670100
10467,DS2S,Goods,21680000
10468,DS2S,Goods,21680100
10469,DS2S,Goods,21690000
10470,DS2S,Goods,21690103
10471,DS2S,Goods,21700000
10472,DS2S,Goods,21700100
10473,DS2S,Goods,21710000
10474,DS2S,Goods,21710100
10475,DS2S,Goods,22020100
10476,DS2S,Goods,22020101
10477,DS2S,Goods,22020102
10478,DS2S,Goods,22020103
10479,DS2S,Goods,22021100
10480,DS2S,Goods,22021101
10481,DS2S,Goods,22021102
10482,DS2S,Goods,22021103
10483,DS2S,Goods,22030100
10484,DS2S,Goods,22030101
10485,DS2S,Goods,22030102
10486,DS2S,Goods,22030103
10487,DS2S,Goods,22031100
10488,DS2S,Goods,22031101
10489,DS2S,Goods,22031102
10490,DS2S,Goods,22031103
10491,DS2S,Goods,22060100
10492,DS2S,Goods,22060101
10493,DS2S,Goods,22060102
10494,DS2S,Goods,22060103
10495,DS2S,Goods,22062100
10496,DS2S,Goods,22062101
10497,DS2S,Goods,22062102
10498,DS2S,Goods,22062103
10499,DS2S,Goods,22080100
10500,DS2S,Goods,22080101
10501,DS2S,Goods,22080102
10502,DS2S,Goods,22080103
10503,DS2S,Goods,22110100
10504,DS2S,Goods,22110101
10505,DS2S,Goods,22110102
10506,DS2S,Goods,22110103
10507,DS2S,Goods,22130100
10508,DS2S,Goods,22130101
10509,DS2S,Goods,22130102
10510,DS2S,Goods,22130103
10511,DS2S,Goods,22180100
10512,DS2S,Goods,22180101
10513,DS2S,Goods,22182100
10514,DS2S,Goods,22182101
10515,DS2S,Goods,22190101
10516,DS2S,Goods,22190102
10517,DS2S,Goods,22190103
10518,DS2S,Goods,22220100
10519,DS2S,Goods,22220101
10520,DS2S,Goods,22220102
10521,DS2S,Goods,22220103
10522,DS2S,Goods,22230100
10523,DS2S,Goods,22230101
10524,DS2S,Goods,22230102
10525,DS2S,Goods,22230103
10526,DS2S,Goods,22240100
10527,DS2S,Goods,22240101
10528,DS2S,Goods,22240102
10529,DS2S,Goods,22240103
10530,DS2S,Goods,22270100
10531,DS2S,Goods,22270101
10532,DS2S,Goods,22270102
10533,DS2S,Goods,22270103
10534,DS2S,Goods,22271100
10535,DS2S,Goods,22271101
10536,DS2S,Goods,22310100
10537,DS2S,Goods,22310101
10538,DS2S,Goods,22310102
10539,DS2S,Goods,22310103
10540,DS2S,Goods,22340100
10541,DS2S,Goods,22340101
10542,DS2S,Goods,22340102
10543,DS2S,Goods,22340103
10544,DS2S,Goods,22350100
10545,DS2S,Goods,22350101
10546,DS2S,Goods,22350102
10547,DS2S,Goods,22350103
10548,DS2S,Goods,22351100
10549,DS2S,Goods,22360100
10550,DS2S,Goods,22360101
10551,DS2S,Goods,22360102
10552,DS2S,Goods,22360103
10553,DS2S,Goods,22370100
10554,DS2S,Goods,22460100
10555,DS2S,Goods,22460101
10556,DS2S,Goods,22460102
10557,DS2S,Goods,22460103
10558,DS2S,Goods,22480100
10559,DS2S,Goods,22480101
10560,DS2S,Goods,22480102
10561,DS2S,Goods,22480103
10562,DS2S,Goods,22510100
10563,DS2S,Goods,22510101
10564,DS2S,Goods,22510102
10565,DS2S,Goods,22510103
10566,DS2S,Goods,22512100
10567,DS2S,Goods,22512101
10568,DS2S,Goods,22512102
10569,DS2S,Goods,22512103
10570,DS2S,Goods,22520100
10571,DS2S,Goods,22520101
10572,DS2S,Goods,22520102
10573,DS2S,Goods,22520103
10574,DS2S,Goods,22530100
10575,DS2S,Goods,22530101
10576,DS2S,Goods,22530102
10577,DS2S,Goods,22530103
10578,DS2S,Goods,22540100
10579,DS2S,Goods,22540101
10580,DS2S,Goods,22540102
10581,DS2S,Goods,22540103
10582,DS2S,Goods,23010100
10583,DS2S,Goods,23010101
10584,DS2S,Goods,23010102
10585,DS2S,Goods,23010103
10586,DS2S,Goods,23011100
10587,DS2S,Goods,23040101
10588,DS2S,Goods,23050100
10589,DS2S,Goods,23050101
10590,DS2S,Goods,23050102
10591,DS2S,Goods,23050103
10592,DS2S,Goods,23060100
10593,DS2S,Goods,23060101
10594,DS2S,Goods,23061100
10595,DS2S,Goods,23061101
10596,DS2S,Goods,23061102
10597,DS2S,Goods,23061103
10598,DS2S,Goods,23070100
10599,DS2S,Goods,23070101
10600,DS2S,Goods,23070102
10601,DS2S,Goods,23070103
10602,DS2S,Goods,23080101
10603,DS2S,Goods,23080102
10604,DS2S,Goods,23080103
10605,DS2S,Goods,23081100
10606,DS2S,Goods,23081101
10607,DS2S,Goods,23120100
10608,DS2S,Goods,23120101
10609,DS2S,Goods,23120102
10610,DS2S,Goods,23120103
10611,DS2S,Goods,23130100
10612,DS2S,Goods,23130101
10613,DS2S,Goods,23130102
10614,DS2S,Goods,23130103
10615,DS2S,Goods,23140100
10616,DS2S,Goods,23140101
10617,DS2S,Goods,23140102
10618,DS2S,Goods,23140103
10619,DS2S,Goods,23150100
10620,DS2S,Goods,23150101
10621,DS2S,Goods,23150102
10622,DS2S,Goods,23150103
10623,DS2S,Goods,23160100
10624,DS2S,Goods,23160101
10625,DS2S,Goods,23160102
10626,DS2S,Goods,23160103
10627,DS2S,Goods,23170100
10628,DS2S,Goods,23170101
10629,DS2S,Goods,23170102
10630,DS2S,Goods,23170103
10631,DS2S,Goods,23171100
10632,DS2S,Goods,23250100
10633,DS2S,Goods,23250101
10634,DS2S,Goods,23250102
10635,DS2S,Goods,23250103
10636,DS2S,Goods,23300100
10637,DS2S,Goods,23300101
10638,DS2S,Goods,23300102
10639,DS2S,Goods,23300103
10640,DS2S,Goods,23310100
10641,DS2S,Goods,23310101
10642,DS2S,Goods,23310102
10643,DS2S,Goods,23310103
10644,DS2S,Goods,23320100
10645,DS2S,Goods,23320101
10646,DS2S,Goods,23320102
10647,DS2S,Goods,23320103
10648,DS2S,Goods,23330100
10649,DS2S,Goods,23330101
10650,DS2S,Goods,23330102
10651,DS2S,Goods,23330103
10652,DS2S,Goods,23340100
10653,DS2S,Goods,23340101
10654,DS2S,Goods,23340102
10655,DS2S,Goods,23340103
10656,DS2S,Goods,25040100
10657,DS2S,Goods,25040101
10658,DS2S,Goods,25040102
10659,DS2S,Goods,25040103
10660,DS2S,Goods,25060101
10661,DS2S,Goods,25060102
10662,DS2S,Goods,25060103
10663,DS2S,Goods,25090100
10664,DS2S,Goods,25090101
10665,DS2S,Goods,25100100
10666,DS2S,Goods,25100101
10667,DS2S,Goods,25100102
10668,DS2S,Goods,25100103
10669,DS2S,Goods,25110100
10670,DS2S,Goods,25110101
10671,DS2S,Goods,25110102
10672,DS2S,Goods,25110103
10673,DS2S,Goods,25120100
10674,DS2S,Goods,25120101
10675,DS2S,Goods,25120102
10676,DS2S,Goods,25130100
10677,DS2S,Goods,25130101
10678,DS2S,Goods,25130102
10679,DS2S,Goods,25130103
10680,DS2S,Goods,26100100
10681,DS2S,Goods,26100101
10682,DS2S,Goods,26100102
10683,DS2S,Goods,26100103
10684,DS2S,Goods,26180100
10685,DS2S,Goods,26180101
10686,DS2S,Goods,26180102
10687,DS2S,Goods,26180103
10688,DS2S,Goods,26260100
10689,DS2S,Goods,26260101
10690,DS2S,Goods,26260102
10691,DS2S,Goods,26260103
10692,DS2S,Goods,26510000
10693,DS2S,Goods,26510100
10694,DS2S,Goods,26510101
10695,DS2S,Goods,26510102
10696,DS2S,Goods,26510103
10697,DS2S,Goods,26590000
10698,DS2S,Goods,26590100
10699,DS2S,Goods,26590101
10700,DS2S,Goods,26590102
10701,DS2S,Goods,26590103
10702,DS2S,Goods,26650100
10703,DS2S,Goods,26650101
10704,DS2S,Goods,26650102
10705,DS2S,Goods,26650103
10706,DS2S,Goods,26660102
10707,DS2S,Goods,26700100
10708,DS2S,Goods,26750000
10709,DS2S,Goods,26750100
10710,DS2S,Goods,26750101
10711,DS2S,Goods,26750102
10712,DS2S,Goods,26750103
10713,DS2S,Goods,26770000
10714,DS2S,Goods,26770101
10715,DS2S,Goods,26800000
10716,DS2S,Goods,26800100
10717,DS2S,Goods,26800101
10718,DS2S,Goods,26800102
10719,DS2S,Goods,26800103
10720,DS2S,Goods,26880000
10721,DS2S,Goods,26880100
10722,DS2S,Goods,26880101
10723,DS2S,Goods,26880102
10724,DS2S,Goods,26880103
10725,DS2S,Goods,26890000
10726,DS2S,Goods,26890100
10727,DS2S,Goods,26890101
10728,DS2S,Goods,26890102
10729,DS2S,Goods,26890103
10730,DS2S,Goods,26900000
10731,DS2S,Goods,26900100
10732,DS2S,Goods,26900101
10733,DS2S,Goods,26900102
10734,DS2S,Goods,26900103
10735,DS2S,Goods,26940000
10736,DS2S,Goods,26940100
10737,DS2S,Goods,26940101
10738,DS2S,Goods,26940102
10739,DS2S,Goods,26940103
10740,DS2S,Goods,27210101
10741,DS2S,Goods,27210102
10742,DS2S,Goods,27210103
10743,DS2S,Goods,27240100
10744,DS2S,Goods,27240101
10745,DS2S,Goods,27240102
10746,DS2S,Goods,27240103
10747,DS2S,Goods,27420100
10748,DS2S,Goods,27420101
10749,DS2S,Goods,27420102
10750,DS2S,Goods,27420103
10751,DS2S,Goods,27430100
10752,DS2S,Goods,27430101
10753,DS2S,Goods,27430102
10754,DS2S,Goods,27430103
10755,DS2S,Goods,27440100
10756,DS2S,Goods,27440101
10757,DS2S,Goods,27440102
10758,DS2S,Goods,27440103
10759,DS2S,Goods,27510100
10760,DS2S,Goods,27510101
10761,DS2S,Goods,27510103
10762,DS2S,Goods,27520100
10763,DS2S,Goods,27520101
10764,DS2S,Goods,27520102
10765,DS2S,Goods,27520103
10766,DS2S,Goods,27521000
10767,DS2S,Goods,27521100
10768,DS2S,Goods,27530100
10769,DS2S,Goods,27530101
10770,DS2S,Goods,27530102
10771,DS2S,Goods,27530103
10772,DS2S,Goods,27550100
10773,DS2S,Goods,27550101
10774,DS2S,Goods,27550102
10775,DS2S,Goods,27550103
10776,DS2S,Goods,27680100
10777,DS2S,Goods,27680101
10778,DS2S,Goods,27680102
10779,DS2S,Goods,27680103
10780,DS2S,Goods,27690100
10781,DS2S,Goods,27690101
10782,DS2S,Goods,27690102
10783,DS2S,Goods,27690103
10784,DS2S,Goods,27700100
10785,DS2S,Goods,27700101
10786,DS2S,Goods,27700102
10787,DS2S,Goods,27700103
10788,DS2S,Goods,27710100
10789,DS2S,Goods,27710101
10790,DS2S,Goods,27710102
10791,DS2S,Goods,27710103
10792,DS2S,Goods,27830100
10793,DS2S,Goods,27830101
10794,DS2S,Goods,27950100
10795,DS2S,Goods,27950101
10796,DS2S,Goods,27950102
10797,DS2S,Goods,27950103
10798,DS2S,Goods,31010000
10799,DS2S,Goods,31020000
10800,DS2S,Goods,31030000
10801,DS2S,Goods,31040000
10802,DS2S,Goods,31050000
10803,DS2S,Goods,31060000
10804,DS2S,Goods,31070000
10805,DS2S,Goods,31080000
10806,DS2S,Goods,31090000
10807,DS2S,Goods,31100000
10808,DS2S,Goods,31110000
10809,DS2S,Goods,31120000
10810,DS2S,Goods,31130000
10811,DS2S,Goods,31140000
10812,DS2S,Goods,31150000
10813,DS2S,Goods,31160000
10814,DS2S,Goods,31170000
10815,DS2S,Goods,31180000
10816,DS2S,Goods,31190000
10817,DS2S,Goods,31200000
10818,DS2S,Goods,31210000
10819,DS2S,Goods,31220000
10820,DS2S,Goods,31230000
10821,DS2S,Goods,31240000
10822,DS2S,Goods,31250000
10823,DS2S,Goods,31260000
10824,DS2S,Goods,31270000
10825,DS2S,Goods,31280000
10826,DS2S,Goods,31290000
10827,DS2S,Goods,31300000
10828,DS2S,Goods,31310000
10829,DS2S,Goods,32010000
10830,DS2S,Goods,32020000
10831,DS2S,Goods,32030000
10832,DS2S,Goods,32040000
10833,DS2S,Goods,32050000
10834,DS2S,Goods,32060000
10835,DS2S,Goods,32070000
10836,DS2S,Goods,32080000
10837,DS2S,Goods,32090000
10838,DS2S,Goods,32100000
10839,DS2S,Goods,32110000
10840,DS2S,Goods,32120000
10841,DS2S,Goods,32130000
10842,DS2S,Goods,32140000
10843,DS2S,Goods,32150000
10844,DS2S,Goods,32160000
10845,DS2S,Goods,32170000
10846,DS2S,Goods,32180000
10847,DS2S,Goods,32190000
10848,DS2S,Goods,32200000
10849,DS2S,Goods,32210000
10850,DS2S,Goods,32220000
10851,DS2S,Goods,32230000
10852,DS2S,Goods,32240000
10853,DS2S,Goods,32250000
10854,DS2S,Goods,32260000
10855,DS2S,Goods,32300000
10856,DS2S,Goods,32310000
10857,DS2S,Goods,33010000
10858,DS2S,Goods,33020000
10859,DS2S,Goods,33030000
10860,DS2S,Goods,33040000
10861,DS2S,Goods,33050000
10862,DS2S,Goods,33060000
10863,DS2S,Goods,33070000
10864,DS2S,Goods,33080000
10865,DS2S,Goods,33090000
10866,DS2S,Goods,33100000
10867,DS2S,Goods,33110000
10868,DS2S,Goods,33120000
10869,DS2S,Goods,33130000
10870,DS2S,Goods,33140000
10871,DS2S,Goods,33150000
10872,DS2S,Goods,33160000
10873,DS2S,Goods,33170000
10874,DS2S,Goods,33180000
10875,DS2S,Goods,33190000
10876,DS2S,Goods,33200000
10877,DS2S,Goods,33210000
10878,DS2S,Goods,33300000
10879,DS2S,Goods,33310000
10880,DS2S,Goods,33320000
10881,DS2S,Goods,34010000
10882,DS2S,Goods,34020000
10883,DS2S,Goods,34030000
10884,DS2S,Goods,34040000
10885,DS2S,Goods,34050000
10886,DS2S,Goods,34060000
10887,DS2S,Goods,34070000
10888,DS2S,Goods,34080000
10889,DS2S,Goods,34090000
10890,DS2S,Goods,34100000
10891,DS2S,Goods,34300000
10892,DS2S,Goods,34310000
10893,DS2S,Goods,35010000
10894,DS2S,Goods,35020000
10895,DS2S,Goods,35030000
10896,DS2S,Goods,35040000
10897,DS2S,Goods,35050000
10898,DS2S,Goods,35060000
10899,DS2S,Goods,35070000
10900,DS2S,Goods,35080000
10901,DS2S,Goods,35090000
10902,DS2S,Goods,35300000
10903,DS2S,Goods,35310000
10904,DS2S,Goods,40010000
10905,DS2S,Goods,40010001
10906,DS2S,Goods,40010002
10907,DS2S,Goods,40010003
10908,DS2S,Goods,40020000
10909,DS2S,Goods,40020001
10910,DS2S,Goods,40020002
10911,DS2S,Goods,40030000
10912,DS2S,Goods,40030001
10913,DS2S,Goods,40030002
10914,DS2S,Goods,40040000
10915,DS2S,Goods,40040001
10916,DS2S,Goods,40040002
10917,DS2S,Goods,40050000
10918,DS2S,Goods,40050001
10919,DS2S,Goods,40050002
10920,DS2S,Goods,40060000
10921,DS2S,Goods,40060001
10922,DS2S,Goods,40060002
10923,DS2S,Goods,40060003
10924,DS2S,Goods,40070000
10925,DS2S,Goods,40070001
10926,DS2S,Goods,40070002
10927,DS2S,Goods,40070003
10928,DS2S,Goods,40080000
10929,DS2S,Goods,40080001
10930,DS2S,Goods,40080002
10931,DS2S,Goods,40080003
10932,DS2S,Goods,40090000
10933,DS2S,Goods,40090001
10934,DS2S,Goods,40090002
10935,DS2S,Goods,40090003
10936,DS2S,Goods,40100000
10937,DS2S,Goods,40100001
10938,DS2S,Goods,40110000
10939,DS2S,Goods,40110001
10940,DS2S,Goods,40120000
10941,DS2S,Goods,40120001
10942,DS2S,Goods,40120002
10943,DS2S,Goods,40130000
10944,DS2S,Goods,40135000
10945,DS2S,Goods,40140000
10946,DS2S,Goods,40140001
10947,DS2S,Goods,40150000
10948,DS2S,Goods,40150001
10949,DS2S,Goods,40160000
10950,DS2S,Goods,40160001
10951,DS2S,Goods,40160002
10952,DS2S,Goods,40210000
10953,DS2S,Goods,40220000
10954,DS2S,Goods,40230000
10955,DS2S,Goods,40260000
10956,DS2S,Goods,40280000
10957,DS2S,Goods,40290000
10958,DS2S,Goods,40290001
10959,DS2S,Goods,40290002
10960,DS2S,Goods,40295000
10961,DS2S,Goods,40300000
10962,DS2S,Goods,40310000
10963,DS2S,Goods,40320000
10964,DS2S,Goods,40320001
10965,DS2S,Goods,40320002
10966,DS2S,Goods,40330000
10967,DS2S,Goods,40330001
10968,DS2S,Goods,40330002
10969,DS2S,Goods,40340000
10970,DS2S,Goods,40340001
10971,DS2S,Goods,40340002
10972,DS2S,Goods,40350000
10973,DS2S,Goods,40350001
10974,DS2S,Goods,40350002
10975,DS2S,Goods,40360000
10976,DS2S,Goods,40360001
10977,DS2S,Goods,40360002
10978,DS2S,Goods,40370000
10979,DS2S,Goods,40370001
10980,DS2S,Goods,40370002
10981,DS2S,Goods,40390000
10982,DS2S,Goods,40390001
10983,DS2S,Goods,40390002
10984,DS2S,Goods,40400000
10985,DS2S,Goods,40410000
10986,DS2S,Goods,40420000
10987,DS2S,Goods,40430000
10988,DS2S,Goods,40440000
10989,DS2S,Goods,40450000
10990,DS2S,Goods,40460000
10991,DS2S,Goods,40470000
10992,DS2S,Goods,40480000
10993,DS2S,Goods,40500000
10994,DS2S,Goods,40510000
10995,DS2S,Goods,40520000
10996,DS2S,Goods,40530000
10997,DS2S,Goods,40530001
10998,DS2S,Goods,40530002
10999,DS2S,Goods,40540000
11000,DS2S,Goods,40550000
11001,DS2S,Goods,40610000
11002,DS2S,Goods,40620000
11003,DS2S,Goods,40700000
11004,DS2S,Goods,40710000
11005,DS2S,Goods,40720000
11006,DS2S,Goods,40730000
11007,DS2S,Goods,40740000
11008,DS2S,Goods,40750000
11009,DS2S,Goods,40760000
11010,DS2S,Goods,40770000
11011,DS2S,Goods,40780000
11012,DS2S,Goods,41000000
11013,DS2S,Goods,41010000
11014,DS2S,Goods,41020000
11015,DS2S,Goods,41030000
11016,DS2S,Goods,41040000
11017,DS2S,Goods,41050000
11018,DS2S,Goods,41060000
11019,DS2S,Goods,41070000
11020,DS2S,Goods,41090000
11021,DS2S,Goods,41100000
11022,DS2S,Goods,41110000
11023,DS2S,Goods,41120000
11024,DS2S,Goods,41130000
11025,DS2S,Goods,42000000
11026,DS2S,Goods,50600000
11027,DS2S,Goods,50610000
11028,DS2S,Goods,50800000
11029,DS2S,Goods,50810000
11030,DS2S,Goods,50820000
11031,DS2S,Goods,50830000
11032,DS2S,Goods,50840000
11033,DS2S,Goods,50850000
11034,DS2S,Goods,50860000
11035,DS2S,Goods,50870000
11036,DS2S,Goods,50880000
11037,DS2S,Goods,50885000
11038,DS2S,Goods,50890000
11039,DS2S,Goods,50900000
11040,DS2S,Goods,50910000
11041,DS2S,Goods,50920000
11042,DS2S,Goods,50930000
11043,DS2S,Goods,50940000
11044,DS2S,Goods,50950000
11045,DS2S,Goods,50960000
11046,DS2S,Goods,50970000
11047,DS2S,Goods,50990000
11048,DS2S,Goods,51000000
11049,DS2S,Goods,51010000
11050,DS2S,Goods,51020000
11051,DS2S,Goods,51030000
11052,DS2S,Goods,52000000
11053,DS2S,Goods,52100000
11054,DS2S,Goods,52200000
11055,DS2S,Goods,52300000
11056,DS2S,Goods,52400000
11057,DS2S,Goods,52500000
11058,DS2S,Goods,52650000
11059,DS2S,Goods,53100000
11060,DS2S,Goods,53200000
11061,DS2S,Goods,53300000
11062,DS2S,Goods,53600000
11063,DS2S,Goods,60010000
11064,DS2S,Goods,60020000
11065,DS2S,Goods,60030000
11066,DS2S,Goods,60035000
11067,DS2S,Goods,60036000
11068,DS2S,Goods,60040000
11069,DS2S,Goods,60050000
11070,DS2S,Goods,60060000
11071,DS2S,Goods,60070000
11072,DS2S,Goods,60090000
11073,DS2S,Goods,60100000
11074,DS2S,Goods,60105000
11075,DS2S,Goods,60110000
11076,DS2S,Goods,60120000
11077,DS2S,Goods,60151000
11078,DS2S,Goods,60155000
11079,DS2S,Goods,60155010
11080,DS2S,Goods,60155020
11081,DS2S,Goods,60155030
11082,DS2S,Goods,60160000
11083,DS2S,Goods,60170000
11084,DS2S,Goods,60180000
11085,DS2S,Goods,60190000
11086,DS2S,Goods,60200000
11087,DS2S,Goods,60210000
11088,DS2S,Goods,60230000
11089,DS2S,Goods,60235000
11090,DS2S,Goods,60236000
11091,DS2S,Goods,60237000
11092,DS2S,Goods,60238000
11093,DS2S,Goods,60239000
11094,DS2S,Goods,60240000
11095,DS2S,Goods,60250000
11096,DS2S,Goods,60260000
11097,DS2S,Goods,60270000
11098,DS2S,Goods,60280000
11099,DS2S,Goods,60290000
11100,DS2S,Goods,60310000
11101,DS2S,Goods,60320000
11102,DS2S,Goods,60350000
11103,DS2S,Goods,60355000
11104,DS2S,Goods,60360000
11105,DS2S,Goods,60370000
11106,DS2S,Goods,60375000
11107,DS2S,Goods,60405000
11108,DS2S,Goods,60405010
11109,DS2S,Goods,60406000
11110,DS2S,Goods,60406010
11111,DS2S,Goods,60410000
11112,DS2S,Goods,60420000
11113,DS2S,Goods,60430000
11114,DS2S,Goods,60450000
11115,DS2S,Goods,60470000
11116,DS2S,Goods,60480000
11117,DS2S,Goods,60490000
11118,DS2S,Goods,60500000
11119,DS2S,Goods,60510000
11120,DS2S,Goods,60511000
11121,DS2S,Goods,60525000
11122,DS2S,Goods,60526000
11123,DS2S,Goods,60527000
11124,DS2S,Goods,60530000
11125,DS2S,Goods,60531000
11126,DS2S,Goods,60536000
11127,DS2S,Goods,60537000
11128,DS2S,Goods,60538000
11129,DS2S,Goods,60540000
11130,DS2S,Goods,60550000
11131,DS2S,Goods,60560000
11132,DS2S,Goods,60570000
11133,DS2S,Goods,60575000
11134,DS2S,Goods,60580000
11135,DS2S,Goods,60590000
11136,DS2S,Goods,60595000
11137,DS2S,Goods,60600000
11138,DS2S,Goods,60610000
11139,DS2S,Goods,60620000
11140,DS2S,Goods,60625000
11141,DS2S,Goods,60630000
11142,DS2S,Goods,60640000
11143,DS2S,Goods,60650000
11144,DS2S,Goods,60660000
11145,DS2S,Goods,60670000
11146,DS2S,Goods,60680000
11147,DS2S,Goods,60690000
11148,DS2S,Goods,60700000
11149,DS2S,Goods,60710000
11150,DS2S,Goods,60720000
11151,DS2S,Goods,60760000
11152,DS2S,Goods,60770000
11153,DS2S,Goods,60780000
11154,DS2S,Goods,60790000
11155,DS2S,Goods,60800000
11156,DS2S,Goods,60810000
11157,DS2S,Goods,60820000
11158,DS2S,Goods,60830000
11159,DS2S,Goods,60850000
11160,DS2S,Goods,60870000
11161,DS2S,Goods,60880000
11162,DS2S,Goods,60900000
11163,DS2S,Goods,60910000
11164,DS2S,Goods,60920000
11165,DS2S,Goods,60930000
11166,DS2S,Goods,60940000
11167,DS2S,Goods,60950000
11168,DS2S,Goods,60960000
11169,DS2S,Goods,60970000
11170,DS2S,Goods,60975000
11171,DS2S,Goods,60980000
11172,DS2S,Goods,60990000
11173,DS2S,Goods,61000000
11174,DS2S,Goods,61030000
11175,DS2S,Goods,61060000
11176,DS2S,Goods,61070000
11177,DS2S,Goods,61080000
11178,DS2S,Goods,61090000
11179,DS2S,Goods,61100000
11180,DS2S,Goods,61110000
11181,DS2S,Goods,61130000
11182,DS2S,Goods,61140000
11183,DS2S,Goods,61150000
11184,DS2S,Goods,61160000
11185,DS2S,Goods,62000000
11186,DS2S,Goods,62020000
11187,DS2S,Goods,62030000
11188,DS2S,Goods,62040000
11189,DS2S,Goods,62045000
11190,DS2S,Goods,62050000
11191,DS2S,Goods,62060000
11192,DS2S,Goods,62070000
11193,DS2S,Goods,62100000
11194,DS2S,Goods,62110000
11195,DS2S,Goods,62120000
11196,DS2S,Goods,62130000
11197,DS2S,Goods,62140000
11198,DS2S,Goods,62150000
11199,DS2S,Goods,62160000
11200,DS2S,Goods,62170000
11201,DS2S,Goods,62190000
11202,DS2S,Goods,63000000
11203,DS2S,Goods,63001000
11204,DS2S,Goods,63003000
11205,DS2S,Goods,63004000
11206,DS2S,Goods,63005000
11207,DS2S,Goods,63006000
11208,DS2S,Goods,63007000
11209,DS2S,Goods,63008000
11210,DS2S,Goods,63009000
11211,DS2S,Goods,63010000
11212,DS2S,Goods,63011000
11213,DS2S,Goods,63012000
11214,DS2S,Goods,63013000
11215,DS2S,Goods,63014000
11216,DS2S,Goods,63015000
11217,DS2S,Goods,63016000
11218,DS2S,Goods,63017000
11219,DS2S,Goods,63018000
11220,DS2S,Goods,63019000
11221,DS2S,Goods,63021000
11222,DS2S,Goods,64000000
11223,DS2S,Goods,64010000
11224,DS2S,Goods,64020000
11225,DS2S,Goods,64030000
11226,DS2S,Goods,64040000
11227,DS2S,Goods,64050000
11228,DS2S,Goods,64060000
11229,DS2S,Goods,64070000
11230,DS2S,Goods,64080000
11231,DS2S,Goods,64090000
11232,DS2S,Goods,64100000
11233,DS2S,Goods,64110000
11234,DS2S,Goods,64120000
11235,DS2S,Goods,64130000
11236,DS2S,Goods,64140000
11237,DS2S,Goods,64150000
11238,DS2S,Goods,64160000
11239,DS2S,Goods,64170000
11240,DS2S,Goods,64180000
11241,DS2S,Goods,64190000
11242,DS2S,Goods,64200000
11243,DS2S,Goods,64210000
11244,DS2S,Goods,64220000
11245,DS2S,Goods,64230000
11246,DS2S,Goods,64240000
11247,DS2S,Goods,64250000
11248,DS2S,Goods,64260000
11249,DS2S,Goods,64270000
11250,DS2S,Goods,64280000
11251,DS2S,Goods,64290000
11252,DS2S,Goods,64300000
11253,DS2S,Goods,64310000
11254,DS2S,Goods,64320000
11255,DS2S,Goods,64330000
11256,DS2S,Goods,64500000
11257,DS2S,Goods,64510000
11258,DS2S,Goods,64520000
11259,DS2S,Goods,64530000
11260,DS2S,Goods,64540000
11261,DS2S,Goods,64550000
11262,DS2S,Goods,64560000
11263,DS2S,Goods,64580000
11264,DS2S,Goods,64590000
11265,DS2S,Goods,64600000
11266,DS2S,Goods,64610000
11267,DS2S,Goods,65240000
11268,DS2S,Goods,65250000
11269,DS2S,Goods,65260000
11270,DS2S,Goods,65270000
11271,DS2S,Goods,65280000
11272,DS2S,Goods,65290000
11273,DS3,Weapon,1000
11274,DS3,Weapon,1100
11275,DS3,Weapon,1200
11276,DS3,Weapon,1300
11277,DS3,Weapon,1400
11278,DS3,Weapon,1500
11279,DS3,Weapon,1600
11280,DS3,Weapon,1700
11281,DS3,Weapon,1800
11282,DS3,Weapon,1900
11283,DS3,Weapon,2000
11284,DS3,Weapon,2100
11285,DS3,Weapon,91000
11286,DS3,Weapon,91100
11287,DS3,Weapon,92000
11288,DS3,Weapon,92100
11289,DS3,Weapon,93000
11290,DS3,Weapon,93100
11291,DS3,Weapon,94000
11292,DS3,Weapon,94100
11293,DS3,Weapon,95000
11294,DS3,Weapon,95100
11295,DS3,Weapon,96000
11296,DS3,Weapon,96100
11297,DS3,Weapon,98000
11298,DS3,Weapon,98100
11299,DS3,Weapon,98200
11300,DS3,Weapon,98300
11301,DS3,Weapon,98400
11302,DS3,Weapon,98500
11303,DS3,Weapon,98600
11304,DS3,Weapon,98700
11305,DS3,Weapon,98800
11306,DS3,Weapon,98900
11307,DS3,Weapon,99000
11308,DS3,Weapon,99100
11309,DS3,Weapon,110000
11310,DS3,Weapon,400000
11311,DS3,Weapon,400100
11312,DS3,Weapon,400200
11313,DS3,Weapon,400300
11314,DS3,Weapon,400400
11315,DS3,Weapon,400500
11316,DS3,Weapon,400600
11317,DS3,Weapon,400700
11318,DS3,Weapon,402000
11319,DS3,Weapon,402200
11320,DS3,Weapon,402300
11321,DS3,Weapon,402400
11322,DS3,Weapon,404000
11323,DS3,Weapon,404100
11324,DS3,Weapon,404200
11325,DS3,Weapon,404300
11326,DS3,Weapon,404400
11327,DS3,Weapon,404500
11328,DS3,Weapon,404600
11329,DS3,Weapon,409900
11330,DS3,Weapon,419900
11331,DS3,Weapon,800000
11332,DS3,Weapon,890000
11333,DS3,Weapon,890010
11334,DS3,Weapon,890020
11335,DS3,Weapon,890030
11336,DS3,Weapon,890040
11337,DS3,Weapon,890050
11338,DS3,Weapon,890060
11339,DS3,Weapon,890070
11340,DS3,Weapon,930000
11341,DS3,Weapon,930100
11342,DS3,Weapon,930200
11343,DS3,Weapon,930300
11344,DS3,Weapon,930310
11345,DS3,Weapon,930400
11346,DS3,Weapon,930500
11347,DS3,Weapon,930600
11348,DS3,Weapon,930700
11349,DS3,Weapon,930800
11350,DS3,Weapon,930900
11351,DS3,Weapon,931000
11352,DS3,Weapon,931100
11353,DS3,Weapon,931200
11354,DS3,Weapon,931300
11355,DS3,Weapon,931400
11356,DS3,Weapon,931500
11357,DS3,Weapon,931600
11358,DS3,Weapon,931700
11359,DS3,Weapon,931800
11360,DS3,Weapon,931900
11361,DS3,Weapon,932000
11362,DS3,Weapon,932100
11363,DS3,Weapon,932200
11364,DS3,Weapon,932300
11365,DS3,Weapon,932400
11366,DS3,Weapon,932500
11367,DS3,Weapon,932600
11368,DS3,Weapon,932700
11369,DS3,Weapon,932800
11370,DS3,Weapon,932900
11371,DS3,Weapon,933000
11372,DS3,Weapon,933100
11373,DS3,Weapon,933200
11374,DS3,Weapon,933300
11375,DS3,Weapon,933400
11376,DS3,Weapon,933600
11377,DS3,Weapon,933610
11378,DS3,Weapon,933700
11379,DS3,Weapon,933710
11380,DS3,Weapon,933800
11381,DS3,Weapon,933900
11382,DS3,Weapon,1000000
11383,DS3,Weapon,1000100
11384,DS3,Weapon,1000200
11385,DS3,Weapon,1000300
11386,DS3,Weapon,1000400
11387,DS3,Weapon,1000500
11388,DS3,Weapon,1000600
11389,DS3,Weapon,1000700
11390,DS3,Weapon,1000800
11391,DS3,Weapon,1000900
11392,DS3,Weapon,1001000
11393,DS3,Weapon,1001100
11394,DS3,Weapon,1001200
11395,DS3,Weapon,1001300
11396,DS3,Weapon,1001400
11397,DS3,Weapon,1001500
11398,DS3,Weapon,1010000
11399,DS3,Weapon,1010100
11400,DS3,Weapon,1010200
11401,DS3,Weapon,1010300
11402,DS3,Weapon,1010400
11403,DS3,Weapon,1010500
11404,DS3,Weapon,1010600
11405,DS3,Weapon,1010700
11406,DS3,Weapon,1010800
11407,DS3,Weapon,1010900
11408,DS3,Weapon,1011000
11409,DS3,Weapon,1011100
11410,DS3,Weapon,1011200
11411,DS3,Weapon,1011300
11412,DS3,Weapon,1011400
11413,DS3,Weapon,1011500
11414,DS3,Weapon,1020000
11415,DS3,Weapon,1020100
11416,DS3,Weapon,1020200
11417,DS3,Weapon,1020300
11418,DS3,Weapon,1020400
11419,DS3,Weapon,1020500
11420,DS3,Weapon,1020600
11421,DS3,Weapon,1020700
11422,DS3,Weapon,1020800
11423,DS3,Weapon,1020900
11424,DS3,Weapon,1021000
11425,DS3,Weapon,1021100
11426,DS3,Weapon,1021200
11427,DS3,Weapon,1021300
11428,DS3,Weapon,1021400
11429,DS3,Weapon,1021500
11430,DS3,Weapon,1040000
11431,DS3,Weapon,1040100
11432,DS3,Weapon,1040200
11433,DS3,Weapon,1040300
11434,DS3,Weapon,1040400
11435,DS3,Weapon,1040500
11436,DS3,Weapon,1040600
11437,DS3,Weapon,1040700
11438,DS3,Weapon,1040800
11439,DS3,Weapon,1040900
11440,DS3,Weapon,1041000
11441,DS3,Weapon,1041100
11442,DS3,Weapon,1041200
11443,DS3,Weapon,1041300
11444,DS3,Weapon,1041400
11445,DS3,Weapon,1041500
11446,DS3,Weapon,1060000
11447,DS3,Weapon,1060100
11448,DS3,Weapon,1060200
11449,DS3,Weapon,1060300
11450,DS3,Weapon,1060400
11451,DS3,Weapon,1060500
11452,DS3,Weapon,1060600
11453,DS3,Weapon,1060700
11454,DS3,Weapon,1060800
11455,DS3,Weapon,1060900
11456,DS3,Weapon,1061000
11457,DS3,Weapon,1061100
11458,DS3,Weapon,1061200
11459,DS3,Weapon,1061300
11460,DS3,Weapon,1061400
11461,DS3,Weapon,1061500
11462,DS3,Weapon,1070000
11463,DS3,Weapon,1080000
11464,DS3,Weapon,1090000
11465,DS3,Weapon,1090100
11466,DS3,Weapon,1090200
11467,DS3,Weapon,1090300
11468,DS3,Weapon,1090400
11469,DS3,Weapon,1090500
11470,DS3,Weapon,1090600
11471,DS3,Weapon,1090700
11472,DS3,Weapon,1090800
11473,DS3,Weapon,1090900
11474,DS3,Weapon,1091000
11475,DS3,Weapon,1091100
11476,DS3,Weapon,1091200
11477,DS3,Weapon,1091300
11478,DS3,Weapon,1091400
11479,DS3,Weapon,1091500
11480,DS3,Weapon,1120000
11481,DS3,Weapon,1140000
11482,DS3,Weapon,1150000
11483,DS3,Weapon,1150100
11484,DS3,Weapon,1150200
11485,DS3,Weapon,1150300
11486,DS3,Weapon,1150400
11487,DS3,Weapon,1150500
11488,DS3,Weapon,1150600
11489,DS3,Weapon,1150700
11490,DS3,Weapon,1150800
11491,DS3,Weapon,1150900
11492,DS3,Weapon,1151000
11493,DS3,Weapon,1151100
11494,DS3,Weapon,1151200
11495,DS3,Weapon,1151300
11496,DS3,Weapon,1151400
11497,DS3,Weapon,1151500
11498,DS3,Weapon,2000000
11499,DS3,Weapon,2000100
11500,DS3,Weapon,2000200
11501,DS3,Weapon,2000300
11502,DS3,Weapon,2000400
11503,DS3,Weapon,2000500
11504,DS3,Weapon,2000600
11505,DS3,Weapon,2000700
11506,DS3,Weapon,2000800
11507,DS3,Weapon,2000900
11508,DS3,Weapon,2001000
11509,DS3,Weapon,2001100
11510,DS3,Weapon,2001200
11511,DS3,Weapon,2001300
11512,DS3,Weapon,2001400
11513,DS3,Weapon,2001500
11514,DS3,Weapon,2010000
11515,DS3,Weapon,2010100
11516,DS3,Weapon,2010200
11517,DS3,Weapon,2010300
11518,DS3,Weapon,2010400
11519,DS3,Weapon,2010500
11520,DS3,Weapon,2010600
11521,DS3,Weapon,2010700
11522,DS3,Weapon,2010800
11523,DS3,Weapon,2010900
11524,DS3,Weapon,2011000
11525,DS3,Weapon,2011100
11526,DS3,Weapon,2011200
11527,DS3,Weapon,2011300
11528,DS3,Weapon,2011400
11529,DS3,Weapon,2011500
11530,DS3,Weapon,2020000
11531,DS3,Weapon,2020100
11532,DS3,Weapon,2020200
11533,DS3,Weapon,2020300
11534,DS3,Weapon,2020400
11535,DS3,Weapon,2020500
11536,DS3,Weapon,2020600
11537,DS3,Weapon,2020700
11538,DS3,Weapon,2020800
11539,DS3,Weapon,2020900
11540,DS3,Weapon,2021000
11541,DS3,Weapon,2021100
11542,DS3,Weapon,2021200
11543,DS3,Weapon,2021300
11544,DS3,Weapon,2021400
11545,DS3,Weapon,2021500
11546,DS3,Weapon,2030000
11547,DS3,Weapon,2030100
11548,DS3,Weapon,2030200
11549,DS3,Weapon,2030300
11550,DS3,Weapon,2030400
11551,DS3,Weapon,2030500
11552,DS3,Weapon,2030600
11553,DS3,Weapon,2030700
11554,DS3,Weapon,2030800
11555,DS3,Weapon,2030900
11556,DS3,Weapon,2031000
11557,DS3,Weapon,2031100
11558,DS3,Weapon,2031200
11559,DS3,Weapon,2031300
11560,DS3,Weapon,2031400
11561,DS3,Weapon,2031500
11562,DS3,Weapon,2060000
11563,DS3,Weapon,2060100
11564,DS3,Weapon,2060200
11565,DS3,Weapon,2060300
11566,DS3,Weapon,2060400
11567,DS3,Weapon,2060500
11568,DS3,Weapon,2060600
11569,DS3,Weapon,2060700
11570,DS3,Weapon,2060800
11571,DS3,Weapon,2060900
11572,DS3,Weapon,2061000
11573,DS3,Weapon,2061100
11574,DS3,Weapon,2061200
11575,DS3,Weapon,2061300
11576,DS3,Weapon,2061400
11577,DS3,Weapon,2061500
11578,DS3,Weapon,2110000
11579,DS3,Weapon,2120000
11580,DS3,Weapon,2120100
11581,DS3,Weapon,2120200
11582,DS3,Weapon,2120300
11583,DS3,Weapon,2120400
11584,DS3,Weapon,2120500
11585,DS3,Weapon,2120600
11586,DS3,Weapon,2120700
11587,DS3,Weapon,2120800
11588,DS3,Weapon,2120900
11589,DS3,Weapon,2121000
11590,DS3,Weapon,2121100
11591,DS3,Weapon,2121200
11592,DS3,Weapon,2121300
11593,DS3,Weapon,2121400
11594,DS3,Weapon,2121500
11595,DS3,Weapon,2140000
11596,DS3,Weapon,2160000
11597,DS3,Weapon,2180000
11598,DS3,Weapon,2200000
11599,DS3,Weapon,2200100
11600,DS3,Weapon,2200200
11601,DS3,Weapon,2200300
11602,DS3,Weapon,2200400
11603,DS3,Weapon,2200500
11604,DS3,Weapon,2200600
11605,DS3,Weapon,2200700
11606,DS3,Weapon,2200800
11607,DS3,Weapon,2200900
11608,DS3,Weapon,2201000
11609,DS3,Weapon,2201100
11610,DS3,Weapon,2201200
11611,DS3,Weapon,2201300
11612,DS3,Weapon,2201400
11613,DS3,Weapon,2201500
11614,DS3,Weapon,2210000
11615,DS3,Weapon,2210100
11616,DS3,Weapon,2210200
11617,DS3,Weapon,2210300
11618,DS3,Weapon,2210400
11619,DS3,Weapon,2210500
11620,DS3,Weapon,2210600
11621,DS3,Weapon,2210700
11622,DS3,Weapon,2210800
11623,DS3,Weapon,2210900
11624,DS3,Weapon,2211000
11625,DS3,Weapon,2211100
11626,DS3,Weapon,2211200
11627,DS3,Weapon,2211300
11628,DS3,Weapon,2211400
11629,DS3,Weapon,2211500
11630,DS3,Weapon,2220000
11631,DS3,Weapon,2230000
11632,DS3,Weapon,2240000
11633,DS3,Weapon,2250000
11634,DS3,Weapon,2260000
11635,DS3,Weapon,3000000
11636,DS3,Weapon,3000100
11637,DS3,Weapon,3000200
11638,DS3,Weapon,3000300
11639,DS3,Weapon,3000400
11640,DS3,Weapon,3000500
11641,DS3,Weapon,3000600
11642,DS3,Weapon,3000700
11643,DS3,Weapon,3000800
11644,DS3,Weapon,3000900
11645,DS3,Weapon,3001000
11646,DS3,Weapon,3001100
11647,DS3,Weapon,3001200
11648,DS3,Weapon,3001300
11649,DS3,Weapon,3001400
11650,DS3,Weapon,3001500
11651,DS3,Weapon,3010000
11652,DS3,Weapon,3010100
11653,DS3,Weapon,3010200
11654,DS3,Weapon,3010300
11655,DS3,Weapon,3010400
11656,DS3,Weapon,3010500
11657,DS3,Weapon,3010600
11658,DS3,Weapon,3010700
11659,DS3,Weapon,3010800
11660,DS3,Weapon,3010900
11661,DS3,Weapon,3011000
11662,DS3,Weapon,3011100
11663,DS3,Weapon,3011200
11664,DS3,Weapon,3011300
11665,DS3,Weapon,3011400
11666,DS3,Weapon,3011500
11667,DS3,Weapon,3020000
11668,DS3,Weapon,3020100
11669,DS3,Weapon,3020200
11670,DS3,Weapon,3020300
11671,DS3,Weapon,3020400
11672,DS3,Weapon,3020500
11673,DS3,Weapon,3020600
11674,DS3,Weapon,3020700
11675,DS3,Weapon,3020800
11676,DS3,Weapon,3020900
11677,DS3,Weapon,3021000
11678,DS3,Weapon,3021100
11679,DS3,Weapon,3021200
11680,DS3,Weapon,3021300
11681,DS3,Weapon,3021400
11682,DS3,Weapon,3021500
11683,DS3,Weapon,3030000
11684,DS3,Weapon,3030100
11685,DS3,Weapon,3030200
11686,DS3,Weapon,3030300
11687,DS3,Weapon,3030400
11688,DS3,Weapon,3030500
11689,DS3,Weapon,3030600
11690,DS3,Weapon,3030700
11691,DS3,Weapon,3030800
11692,DS3,Weapon,3030900
11693,DS3,Weapon,3031000
11694,DS3,Weapon,3031100
11695,DS3,Weapon,3031200
11696,DS3,Weapon,3031300
11697,DS3,Weapon,3031400
11698,DS3,Weapon,3031500
11699,DS3,Weapon,3040000
11700,DS3,Weapon,3050000
11701,DS3,Weapon,4010000
11702,DS3,Weapon,4010100
11703,DS3,Weapon,4010200
11704,DS3,Weapon,4010300
11705,DS3,Weapon,4010400
11706,DS3,Weapon,4010500
11707,DS3,Weapon,4010600
11708,DS3,Weapon,4010700
11709,DS3,Weapon,4010800
11710,DS3,Weapon,4010900
11711,DS3,Weapon,4011000
11712,DS3,Weapon,4011100
11713,DS3,Weapon,4011200
11714,DS3,Weapon,4011300
11715,DS3,Weapon,4011400
11716,DS3,Weapon,4011500
11717,DS3,Weapon,4030000
11718,DS3,Weapon,4030100
11719,DS3,Weapon,4030200
11720,DS3,Weapon,4030300
11721,DS3,Weapon,4030400
11722,DS3,Weapon,4030500
11723,DS3,Weapon,4030600
11724,DS3,Weapon,4030700
11725,DS3,Weapon,4030800
11726,DS3,Weapon,4030900
11727,DS3,Weapon,4031000
11728,DS3,Weapon,4031100
11729,DS3,Weapon,4031200
11730,DS3,Weapon,4031300
11731,DS3,Weapon,4031400
11732,DS3,Weapon,4031500
11733,DS3,Weapon,4040000
11734,DS3,Weapon,4040100
11735,DS3,Weapon,4040200
11736,DS3,Weapon,4040300
11737,DS3,Weapon,4040400
11738,DS3,Weapon,4040500
11739,DS3,Weapon,4040600
11740,DS3,Weapon,4040700
11741,DS3,Weapon,4040800
11742,DS3,Weapon,4040900
11743,DS3,Weapon,4041000
11744,DS3,Weapon,4041100
11745,DS3,Weapon,4041200
11746,DS3,Weapon,4041300
11747,DS3,Weapon,4041400
11748,DS3,Weapon,4041500
11749,DS3,Weapon,4050000
11750,DS3,Weapon,4050100
11751,DS3,Weapon,4050200
11752,DS3,Weapon,4050300
11753,DS3,Weapon,4050400
11754,DS3,Weapon,4050500
11755,DS3,Weapon,4050600
11756,DS3,Weapon,4050700
11757,DS3,Weapon,4050800
11758,DS3,Weapon,4050900
11759,DS3,Weapon,4051000
11760,DS3,Weapon,4051100
11761,DS3,Weapon,4051200
11762,DS3,Weapon,4051300
11763,DS3,Weapon,4051400
11764,DS3,Weapon,4051500
11765,DS3,Weapon,4060000
11766,DS3,Weapon,4060100
11767,DS3,Weapon,4060200
11768,DS3,Weapon,4060300
11769,DS3,Weapon,4060400
11770,DS3,Weapon,4060500
11771,DS3,Weapon,4060600
11772,DS3,Weapon,4060700
11773,DS3,Weapon,4060800
11774,DS3,Weapon,4060900
11775,DS3,Weapon,4061000
11776,DS3,Weapon,4061100
11777,DS3,Weapon,4061200
11778,DS3,Weapon,4061300
11779,DS3,Weapon,4061400
11780,DS3,Weapon,4061500
11781,DS3,Weapon,4070000
11782,DS3,Weapon,4080000
11783,DS3,Weapon,4090000
11784,DS3,Weapon,4090100
11785,DS3,Weapon,4090200
11786,DS3,Weapon,4090300
11787,DS3,Weapon,4090400
11788,DS3,Weapon,4090500
11789,DS3,Weapon,4090600
11790,DS3,Weapon,4090700
11791,DS3,Weapon,4090800
11792,DS3,Weapon,4090900
11793,DS3,Weapon,4091000
11794,DS3,Weapon,4091100
11795,DS3,Weapon,4091200
11796,DS3,Weapon,4091300
11797,DS3,Weapon,4091400
11798,DS3,Weapon,4091500
11799,DS3,Weapon,4100000
11800,DS3,Weapon,4110000
11801,DS3,Weapon,4110100
11802,DS3,Weapon,4110200
11803,DS3,Weapon,4110300
11804,DS3,Weapon,4110400
11805,DS3,Weapon,4110500
11806,DS3,Weapon,4110600
11807,DS3,Weapon,4110700
11808,DS3,Weapon,4110800
11809,DS3,Weapon,4110900
11810,DS3,Weapon,4111000
11811,DS3,Weapon,4111100
11812,DS3,Weapon,4111200
11813,DS3,Weapon,4111300
11814,DS3,Weapon,4111400
11815,DS3,Weapon,4111500
11816,DS3,Weapon,4120000
11817,DS3,Weapon,4120100
11818,DS3,Weapon,4120200
11819,DS3,Weapon,4120300
11820,DS3,Weapon,4120400
11821,DS3,Weapon,4120500
11822,DS3,Weapon,4120600
11823,DS3,Weapon,4120700
11824,DS3,Weapon,4120800
11825,DS3,Weapon,4120900
11826,DS3,Weapon,4121000
11827,DS3,Weapon,4121100
11828,DS3,Weapon,4121200
11829,DS3,Weapon,4121300
11830,DS3,Weapon,4121400
11831,DS3,Weapon,4121500
11832,DS3,Weapon,4130000
11833,DS3,Weapon,5000000
11834,DS3,Weapon,5000100
11835,DS3,Weapon,5000200
11836,DS3,Weapon,5000300
11837,DS3,Weapon,5000400
11838,DS3,Weapon,5000500
11839,DS3,Weapon,5000600
11840,DS3,Weapon,5000700
11841,DS3,Weapon,5000800
11842,DS3,Weapon,5000900
11843,DS3,Weapon,5001000
11844,DS3,Weapon,5001100
11845,DS3,Weapon,5001200
11846,DS3,Weapon,5001300
11847,DS3,Weapon,5001400
11848,DS3,Weapon,5001500
11849,DS3,Weapon,5010000
11850,DS3,Weapon,5010100
11851,DS3,Weapon,5010200
11852,DS3,Weapon,5010300
11853,DS3,Weapon,5010400
11854,DS3,Weapon,5010500
11855,DS3,Weapon,5010600
11856,DS3,Weapon,5010700
11857,DS3,Weapon,5010800
11858,DS3,Weapon,5010900
11859,DS3,Weapon,5011000
11860,DS3,Weapon,5011100
11861,DS3,Weapon,5011200
11862,DS3,Weapon,5011300
11863,DS3,Weapon,5011400
11864,DS3,Weapon,5011500
11865,DS3,Weapon,5020000
11866,DS3,Weapon,5030000
11867,DS3,Weapon,5030100
11868,DS3,Weapon,5030200
11869,DS3,Weapon,5030300
11870,DS3,Weapon,5030400
11871,DS3,Weapon,5030500
11872,DS3,Weapon,5030600
11873,DS3,Weapon,5030700
11874,DS3,Weapon,5030800
11875,DS3,Weapon,5030900
11876,DS3,Weapon,5031000
11877,DS3,Weapon,5031100
11878,DS3,Weapon,5031200
11879,DS3,Weapon,5031300
11880,DS3,Weapon,5031400
11881,DS3,Weapon,5031500
11882,DS3,Weapon,5040000
11883,DS3,Weapon,5050000
11884,DS3,Weapon,5060000
11885,DS3,Weapon,6000000
11886,DS3,Weapon,6000100
11887,DS3,Weapon,6000200
11888,DS3,Weapon,6000300
11889,DS3,Weapon,6000400
11890,DS3,Weapon,6000500
11891,DS3,Weapon,6000600
11892,DS3,Weapon,6000700
11893,DS3,Weapon,6000800
11894,DS3,Weapon,6000900
11895,DS3,Weapon,6001000
11896,DS3,Weapon,6001100
11897,DS3,Weapon,6001200
11898,DS3,Weapon,6001300
11899,DS3,Weapon,6001400
11900,DS3,Weapon,6001500
11901,DS3,Weapon,6020000
11902,DS3,Weapon,6020100
11903,DS3,Weapon,6020200
11904,DS3,Weapon,6020300
11905,DS3,Weapon,6020400
11906,DS3,Weapon,6020500
11907,DS3,Weapon,6020600
11908,DS3,Weapon,6020700
11909,DS3,Weapon,6020800
11910,DS3,Weapon,6020900
11911,DS3,Weapon,6021000
11912,DS3,Weapon,6021100
11913,DS3,Weapon,6021200
11914,DS3,Weapon,6021300
11915,DS3,Weapon,6021400
11916,DS3,Weapon,6021500
11917,DS3,Weapon,6040000
11918,DS3,Weapon,6040100
11919,DS3,Weapon,6040200
11920,DS3,Weapon,6040300
11921,DS3,Weapon,6040400
11922,DS3,Weapon,6040500
11923,DS3,Weapon,6040600
11924,DS3,Weapon,6040700
11925,DS3,Weapon,6040800
11926,DS3,Weapon,6040900
11927,DS3,Weapon,6041000
11928,DS3,Weapon,6041100
11929,DS3,Weapon,6041200
11930,DS3,Weapon,6041300
11931,DS3,Weapon,6041400
11932,DS3,Weapon,6041500
11933,DS3,Weapon,6050000
11934,DS3,Weapon,6050100
11935,DS3,Weapon,6050200
11936,DS3,Weapon,6050300
11937,DS3,Weapon,6050400
11938,DS3,Weapon,6050500
11939,DS3,Weapon,6050600
11940,DS3,Weapon,6050700
11941,DS3,Weapon,6050800
11942,DS3,Weapon,6050900
11943,DS3,Weapon,6051000
11944,DS3,Weapon,6051100
11945,DS3,Weapon,6051200
11946,DS3,Weapon,6051300
11947,DS3,Weapon,6051400
11948,DS3,Weapon,6051500
11949,DS3,Weapon,6070000
11950,DS3,Weapon,6070100
11951,DS3,Weapon,6070200
11952,DS3,Weapon,6070300
11953,DS3,Weapon,6070400
11954,DS3,Weapon,6070500
11955,DS3,Weapon,6070600
11956,DS3,Weapon,6070700
11957,DS3,Weapon,6070800
11958,DS3,Weapon,6070900
11959,DS3,Weapon,6071000
11960,DS3,Weapon,6071100
11961,DS3,Weapon,6071200
11962,DS3,Weapon,6071300
11963,DS3,Weapon,6071400
11964,DS3,Weapon,6071500
11965,DS3,Weapon,6080000
11966,DS3,Weapon,6080100
11967,DS3,Weapon,6080200
11968,DS3,Weapon,6080300
11969,DS3,Weapon,6080400
11970,DS3,Weapon,6080500
11971,DS3,Weapon,6080600
11972,DS3,Weapon,6080700
11973,DS3,Weapon,6080800
11974,DS3,Weapon,6080900
11975,DS3,Weapon,6081000
11976,DS3,Weapon,6081100
11977,DS3,Weapon,6081200
11978,DS3,Weapon,6081300
11979,DS3,Weapon,6081400
11980,DS3,Weapon,6081500
11981,DS3,Weapon,6100000
11982,DS3,Weapon,6100100
11983,DS3,Weapon,6100200
11984,DS3,Weapon,6100300
11985,DS3,Weapon,6100400
11986,DS3,Weapon,6100500
11987,DS3,Weapon,6100600
11988,DS3,Weapon,6100700
11989,DS3,Weapon,6100800
11990,DS3,Weapon,6100900
11991,DS3,Weapon,6101000
11992,DS3,Weapon,6101100
11993,DS3,Weapon,6101200
11994,DS3,Weapon,6101300
11995,DS3,Weapon,6101400
11996,DS3,Weapon,6101500
11997,DS3,Weapon,6130000
11998,DS3,Weapon,6140000
11999,DS3,Weapon,6140100
12000,DS3,Weapon,6140200
12001,DS3,Weapon,6140300
12002,DS3,Weapon,6140400
12003,DS3,Weapon,6140500
12004,DS3,Weapon,6140600
12005,DS3,Weapon,6140700
12006,DS3,Weapon,6140800
12007,DS3,Weapon,6140900
12008,DS3,Weapon,6141000
12009,DS3,Weapon,6141100
12010,DS3,Weapon,6141200
12011,DS3,Weapon,6141300
12012,DS3,Weapon,6141400
12013,DS3,Weapon,6141500
12014,DS3,Weapon,6150000
12015,DS3,Weapon,6150100
12016,DS3,Weapon,6150200
12017,DS3,Weapon,6150300
12018,DS3,Weapon,6150400
12019,DS3,Weapon,6150500
12020,DS3,Weapon,6150600
12021,DS3,Weapon,6150700
12022,DS3,Weapon,6150800
12023,DS3,Weapon,6150900
12024,DS3,Weapon,6151000
12025,DS3,Weapon,6151100
12026,DS3,Weapon,6151200
12027,DS3,Weapon,6151300
12028,DS3,Weapon,6151400
12029,DS3,Weapon,6151500
12030,DS3,Weapon,6170000
12031,DS3,Weapon,6180000
12032,DS3,Weapon,6190000
12033,DS3,Weapon,6190100
12034,DS3,Weapon,6190200
12035,DS3,Weapon,6190300
12036,DS3,Weapon,6190400
12037,DS3,Weapon,6190500
12038,DS3,Weapon,6190600
12039,DS3,Weapon,6190700
12040,DS3,Weapon,6190800
12041,DS3,Weapon,6190900
12042,DS3,Weapon,6191000
12043,DS3,Weapon,6191100
12044,DS3,Weapon,6191200
12045,DS3,Weapon,6191300
12046,DS3,Weapon,6191400
12047,DS3,Weapon,6191500
12048,DS3,Weapon,6200000
12049,DS3,Weapon,6230000
12050,DS3,Weapon,6240000
12051,DS3,Weapon,6240100
12052,DS3,Weapon,6240200
12053,DS3,Weapon,6240300
12054,DS3,Weapon,6240400
12055,DS3,Weapon,6240500
12056,DS3,Weapon,6240600
12057,DS3,Weapon,6240700
12058,DS3,Weapon,6240800
12059,DS3,Weapon,6240900
12060,DS3,Weapon,6241000
12061,DS3,Weapon,6241100
12062,DS3,Weapon,6241200
12063,DS3,Weapon,6241300
12064,DS3,Weapon,6241400
12065,DS3,Weapon,6241500
12066,DS3,Weapon,6250000
12067,DS3,Weapon,6260000
12068,DS3,Weapon,6270000
12069,DS3,Weapon,6280000
12070,DS3,Weapon,6290000
12071,DS3,Weapon,6300000
12072,DS3,Weapon,6310000
12073,DS3,Weapon,6320000
12074,DS3,Weapon,6330000
12075,DS3,Weapon,6330100
12076,DS3,Weapon,6330200
12077,DS3,Weapon,6330300
12078,DS3,Weapon,6330400
12079,DS3,Weapon,6330500
12080,DS3,Weapon,6330600
12081,DS3,Weapon,6330700
12082,DS3,Weapon,6330800
12083,DS3,Weapon,6330900
12084,DS3,Weapon,6331000
12085,DS3,Weapon,6331100
12086,DS3,Weapon,6331200
12087,DS3,Weapon,6331300
12088,DS3,Weapon,6331400
12089,DS3,Weapon,6331500
12090,DS3,Weapon,6340000
12091,DS3,Weapon,6350000
12092,DS3,Weapon,6360000
12093,DS3,Weapon,6370000
12094,DS3,Weapon,6380000
12095,DS3,Weapon,6380100
12096,DS3,Weapon,6380200
12097,DS3,Weapon,6380300
12098,DS3,Weapon,6380400
12099,DS3,Weapon,6380500
12100,DS3,Weapon,6380600
12101,DS3,Weapon,6380700
12102,DS3,Weapon,6380800
12103,DS3,Weapon,6380900
12104,DS3,Weapon,6381000
12105,DS3,Weapon,6381100
12106,DS3,Weapon,6381200
12107,DS3,Weapon,6381300
12108,DS3,Weapon,6381400
12109,DS3,Weapon,6381500
12110,DS3,Weapon,7000000
12111,DS3,Weapon,7000100
12112,DS3,Weapon,7000200
12113,DS3,Weapon,7000300
12114,DS3,Weapon,7000400
12115,DS3,Weapon,7000500
12116,DS3,Weapon,7000600
12117,DS3,Weapon,7000700
12118,DS3,Weapon,7000800
12119,DS3,Weapon,7000900
12120,DS3,Weapon,7001000
12121,DS3,Weapon,7001100
12122,DS3,Weapon,7001200
12123,DS3,Weapon,7001300
12124,DS3,Weapon,7001400
12125,DS3,Weapon,7001500
12126,DS3,Weapon,7010000
12127,DS3,Weapon,7010100
12128,DS3,Weapon,7010200
12129,DS3,Weapon,7010300
12130,DS3,Weapon,7010400
12131,DS3,Weapon,7010500
12132,DS3,Weapon,7010600
12133,DS3,Weapon,7010700
12134,DS3,Weapon,7010800
12135,DS3,Weapon,7010900
12136,DS3,Weapon,7011000
12137,DS3,Weapon,7011100
12138,DS3,Weapon,7011200
12139,DS3,Weapon,7011300
12140,DS3,Weapon,7011400
12141,DS3,Weapon,7011500
12142,DS3,Weapon,7020000
12143,DS3,Weapon,7020100
12144,DS3,Weapon,7020200
12145,DS3,Weapon,7020300
12146,DS3,Weapon,7020400
12147,DS3,Weapon,7020500
12148,DS3,Weapon,7020600
12149,DS3,Weapon,7020700
12150,DS3,Weapon,7020800
12151,DS3,Weapon,7020900
12152,DS3,Weapon,7021000
12153,DS3,Weapon,7021100
12154,DS3,Weapon,7021200
12155,DS3,Weapon,7021300
12156,DS3,Weapon,7021400
12157,DS3,Weapon,7021500
12158,DS3,Weapon,7040000
12159,DS3,Weapon,7040100
12160,DS3,Weapon,7040200
12161,DS3,Weapon,7040300
12162,DS3,Weapon,7040400
12163,DS3,Weapon,7040500
12164,DS3,Weapon,7040600
12165,DS3,Weapon,7040700
12166,DS3,Weapon,7040800
12167,DS3,Weapon,7040900
12168,DS3,Weapon,7041000
12169,DS3,Weapon,7041100
12170,DS3,Weapon,7041200
12171,DS3,Weapon,7041300
12172,DS3,Weapon,7041400
12173,DS3,Weapon,7041500
12174,DS3,Weapon,7050000
12175,DS3,Weapon,7050100
12176,DS3,Weapon,7050200
12177,DS3,Weapon,7050300
12178,DS3,Weapon,7050400
12179,DS3,Weapon,7050500
12180,DS3,Weapon,7050600
12181,DS3,Weapon,7050700
12182,DS3,Weapon,7050800
12183,DS3,Weapon,7050900
12184,DS3,Weapon,7051000
12185,DS3,Weapon,7051100
12186,DS3,Weapon,7051200
12187,DS3,Weapon,7051300
12188,DS3,Weapon,7051400
12189,DS3,Weapon,7051500
12190,DS3,Weapon,7070000
12191,DS3,Weapon,7080000
12192,DS3,Weapon,7080100
12193,DS3,Weapon,7080200
12194,DS3,Weapon,7080300
12195,DS3,Weapon,7080400
12196,DS3,Weapon,7080500
12197,DS3,Weapon,7080600
12198,DS3,Weapon,7080700
12199,DS3,Weapon,7080800
12200,DS3,Weapon,7080900
12201,DS3,Weapon,7081000
12202,DS3,Weapon,7081100
12203,DS3,Weapon,7081200
12204,DS3,Weapon,7081300
12205,DS3,Weapon,7081400
12206,DS3,Weapon,7081500
12207,DS3,Weapon,7100000
12208,DS3,Weapon,7100100
12209,DS3,Weapon,7100200
12210,DS3,Weapon,7100300
12211,DS3,Weapon,7100400
12212,DS3,Weapon,7100500
12213,DS3,Weapon,7100600
12214,DS3,Weapon,7100700
12215,DS3,Weapon,7100800
12216,DS3,Weapon,7100900
12217,DS3,Weapon,7101000
12218,DS3,Weapon,7101100
12219,DS3,Weapon,7101200
12220,DS3,Weapon,7101300
12221,DS3,Weapon,7101400
12222,DS3,Weapon,7101500
12223,DS3,Weapon,7110000
12224,DS3,Weapon,7120000
12225,DS3,Weapon,7130000
12226,DS3,Weapon,7150000
12227,DS3,Weapon,7150100
12228,DS3,Weapon,7150200
12229,DS3,Weapon,7150300
12230,DS3,Weapon,7150400
12231,DS3,Weapon,7150500
12232,DS3,Weapon,7150600
12233,DS3,Weapon,7150700
12234,DS3,Weapon,7150800
12235,DS3,Weapon,7150900
12236,DS3,Weapon,7151000
12237,DS3,Weapon,7151100
12238,DS3,Weapon,7151200
12239,DS3,Weapon,7151300
12240,DS3,Weapon,7151400
12241,DS3,Weapon,7151500
12242,DS3,Weapon,7170000
12243,DS3,Weapon,7170100
12244,DS3,Weapon,7170200
12245,DS3,Weapon,7170300
12246,DS3,Weapon,7170400
12247,DS3,Weapon,7170500
12248,DS3,Weapon,7170600
12249,DS3,Weapon,7170700
12250,DS3,Weapon,7170800
12251,DS3,Weapon,7170900
12252,DS3,Weapon,7171000
12253,DS3,Weapon,7171100
12254,DS3,Weapon,7171200
12255,DS3,Weapon,7171300
12256,DS3,Weapon,7171400
12257,DS3,Weapon,7171500
12258,DS3,Weapon,7180000
12259,DS3,Weapon,8000000
12260,DS3,Weapon,8000100
12261,DS3,Weapon,8000200
12262,DS3,Weapon,8000300
12263,DS3,Weapon,8000400
12264,DS3,Weapon,8000500
12265,DS3,Weapon,8000600
12266,DS3,Weapon,8000700
12267,DS3,Weapon,8000800
12268,DS3,Weapon,8000900
12269,DS3,Weapon,8001000
12270,DS3,Weapon,8001100
12271,DS3,Weapon,8001200
12272,DS3,Weapon,8001300
12273,DS3,Weapon,8001400
12274,DS3,Weapon,8001500
12275,DS3,Weapon,8010000
12276,DS3,Weapon,8010100
12277,DS3,Weapon,8010200
12278,DS3,Weapon,8010300
12279,DS3,Weapon,8010400
12280,DS3,Weapon,8010500
12281,DS3,Weapon,8010600
12282,DS3,Weapon,8010700
12283,DS3,Weapon,8010800
12284,DS3,Weapon,8010900
12285,DS3,Weapon,8011000
12286,DS3,Weapon,8011100
12287,DS3,Weapon,8011200
12288,DS3,Weapon,8011300
12289,DS3,Weapon,8011400
12290,DS3,Weapon,8011500
12291,DS3,Weapon,8020000
12292,DS3,Weapon,8020100
12293,DS3,Weapon,8020200
12294,DS3,Weapon,8020300
12295,DS3,Weapon,8020400
12296,DS3,Weapon,8020500
12297,DS3,Weapon,8020600
12298,DS3,Weapon,8020700
12299,DS3,Weapon,8020800
12300,DS3,Weapon,8020900
12301,DS3,Weapon,8021000
12302,DS3,Weapon,8021100
12303,DS3,Weapon,8021200
12304,DS3,Weapon,8021300
12305,DS3,Weapon,8021400
12306,DS3,Weapon,8021500
12307,DS3,Weapon,8030000
12308,DS3,Weapon,8030100
12309,DS3,Weapon,8030200
12310,DS3,Weapon,8030300
12311,DS3,Weapon,8030400
12312,DS3,Weapon,8030500
12313,DS3,Weapon,8030600
12314,DS3,Weapon,8030700
12315,DS3,Weapon,8030800
12316,DS3,Weapon,8030900
12317,DS3,Weapon,8031000
12318,DS3,Weapon,8031100
12319,DS3,Weapon,8031200
12320,DS3,Weapon,8031300
12321,DS3,Weapon,8031400
12322,DS3,Weapon,8031500
12323,DS3,Weapon,8060000
12324,DS3,Weapon,8060100
12325,DS3,Weapon,8060200
12326,DS3,Weapon,8060300
12327,DS3,Weapon,8060400
12328,DS3,Weapon,8060500
12329,DS3,Weapon,8060600
12330,DS3,Weapon,8060700
12331,DS3,Weapon,8060800
12332,DS3,Weapon,8060900
12333,DS3,Weapon,8061000
12334,DS3,Weapon,8061100
12335,DS3,Weapon,8061200
12336,DS3,Weapon,8061300
12337,DS3,Weapon,8061400
12338,DS3,Weapon,8061500
12339,DS3,Weapon,8080000
12340,DS3,Weapon,8080100
12341,DS3,Weapon,8080200
12342,DS3,Weapon,8080300
12343,DS3,Weapon,8080400
12344,DS3,Weapon,8080500
12345,DS3,Weapon,8080600
12346,DS3,Weapon,8080700
12347,DS3,Weapon,8080800
12348,DS3,Weapon,8080900
12349,DS3,Weapon,8081000
12350,DS3,Weapon,8081100
12351,DS3,Weapon,8081200
12352,DS3,Weapon,8081300
12353,DS3,Weapon,8081400
12354,DS3,Weapon,8081500
12355,DS3,Weapon,8110000
12356,DS3,Weapon,8110100
12357,DS3,Weapon,8110200
12358,DS3,Weapon,8110300
12359,DS3,Weapon,8110400
12360,DS3,Weapon,8110500
12361,DS3,Weapon,8110600
12362,DS3,Weapon,8110700
12363,DS3,Weapon,8110800
12364,DS3,Weapon,8110900
12365,DS3,Weapon,8111000
12366,DS3,Weapon,8111100
12367,DS3,Weapon,8111200
12368,DS3,Weapon,8111300
12369,DS3,Weapon,8111400
12370,DS3,Weapon,8111500
12371,DS3,Weapon,8160000
12372,DS3,Weapon,8160100
12373,DS3,Weapon,8160200
12374,DS3,Weapon,8160300
12375,DS3,Weapon,8160400
12376,DS3,Weapon,8160500
12377,DS3,Weapon,8160600
12378,DS3,Weapon,8160700
12379,DS3,Weapon,8160800
12380,DS3,Weapon,8160900
12381,DS3,Weapon,8161000
12382,DS3,Weapon,8161100
12383,DS3,Weapon,8161200
12384,DS3,Weapon,8161300
12385,DS3,Weapon,8161400
12386,DS3,Weapon,8161500
12387,DS3,Weapon,8170000
12388,DS3,Weapon,8180000
12389,DS3,Weapon,8190000
12390,DS3,Weapon,8220000
12391,DS3,Weapon,8240000
12392,DS3,Weapon,8240100
12393,DS3,Weapon,8240200
12394,DS3,Weapon,8240300
12395,DS3,Weapon,8240400
12396,DS3,Weapon,8240500
12397,DS3,Weapon,8240600
12398,DS3,Weapon,8240700
12399,DS3,Weapon,8240800
12400,DS3,Weapon,8240900
12401,DS3,Weapon,8241000
12402,DS3,Weapon,8241100
12403,DS3,Weapon,8241200
12404,DS3,Weapon,8241300
12405,DS3,Weapon,8241400
12406,DS3,Weapon,8241500
12407,DS3,Weapon,8250000
12408,DS3,Weapon,8250100
12409,DS3,Weapon,8250200
12410,DS3,Weapon,8250300
12411,DS3,Weapon,8250400
12412,DS3,Weapon,8250500
12413,DS3,Weapon,8250600
12414,DS3,Weapon,8250700
12415,DS3,Weapon,8250800
12416,DS3,Weapon,8250900
12417,DS3,Weapon,8251000
12418,DS3,Weapon,8251100
12419,DS3,Weapon,8251200
12420,DS3,Weapon,8251300
12421,DS3,Weapon,8251400
12422,DS3,Weapon,8251500
12423,DS3,Weapon,8260000
12424,DS3,Weapon,8270000
12425,DS3,Weapon,8280000
12426,DS3,Weapon,8280100
12427,DS3,Weapon,8280200
12428,DS3,Weapon,8280300
12429,DS3,Weapon,8280400
12430,DS3,Weapon,8280500
12431,DS3,Weapon,8280600
12432,DS3,Weapon,8280700
12433,DS3,Weapon,8280800
12434,DS3,Weapon,8280900
12435,DS3,Weapon,8281000
12436,DS3,Weapon,8281100
12437,DS3,Weapon,8281200
12438,DS3,Weapon,8281300
12439,DS3,Weapon,8281400
12440,DS3,Weapon,8281500
12441,DS3,Weapon,8290000
12442,DS3,Weapon,8300000
12443,DS3,Weapon,8300100
12444,DS3,Weapon,8300200
12445,DS3,Weapon,8300300
12446,DS3,Weapon,8300400
12447,DS3,Weapon,8300500
12448,DS3,Weapon,8300600
12449,DS3,Weapon,8300700
12450,DS3,Weapon,8300800
12451,DS3,Weapon,8300900
12452,DS3,Weapon,8301000
12453,DS3,Weapon,8301100
12454,DS3,Weapon,8301200
12455,DS3,Weapon,8301300
12456,DS3,Weapon,8301400
12457,DS3,Weapon,8301500
12458,DS3,Weapon,8310000
12459,DS3,Weapon,8320000
12460,DS3,Weapon,9000000
12461,DS3,Weapon,9000100
12462,DS3,Weapon,9000200
12463,DS3,Weapon,9000300
12464,DS3,Weapon,9000400
12465,DS3,Weapon,9000500
12466,DS3,Weapon,9000600
12467,DS3,Weapon,9000700
12468,DS3,Weapon,9000800
12469,DS3,Weapon,9000900
12470,DS3,Weapon,9001000
12471,DS3,Weapon,9001100
12472,DS3,Weapon,9001200
12473,DS3,Weapon,9001300
12474,DS3,Weapon,9001400
12475,DS3,Weapon,9001500
12476,DS3,Weapon,9010000
12477,DS3,Weapon,9010100
12478,DS3,Weapon,9010200
12479,DS3,Weapon,9010300
12480,DS3,Weapon,9010400
12481,DS3,Weapon,9010500
12482,DS3,Weapon,9010600
12483,DS3,Weapon,9010700
12484,DS3,Weapon,9010800
12485,DS3,Weapon,9010900
12486,DS3,Weapon,9011000
12487,DS3,Weapon,9011100
12488,DS3,Weapon,9011200
12489,DS3,Weapon,9011300
12490,DS3,Weapon,9011400
12491,DS3,Weapon,9011500
12492,DS3,Weapon,9030000
12493,DS3,Weapon,9030100
12494,DS3,Weapon,9030200
12495,DS3,Weapon,9030300
12496,DS3,Weapon,9030400
12497,DS3,Weapon,9030500
12498,DS3,Weapon,9030600
12499,DS3,Weapon,9030700
12500,DS3,Weapon,9030800
12501,DS3,Weapon,9030900
12502,DS3,Weapon,9031000
12503,DS3,Weapon,9031100
12504,DS3,Weapon,9031200
12505,DS3,Weapon,9031300
12506,DS3,Weapon,9031400
12507,DS3,Weapon,9031500
12508,DS3,Weapon,9080000
12509,DS3,Weapon,9080100
12510,DS3,Weapon,9080200
12511,DS3,Weapon,9080300
12512,DS3,Weapon,9080400
12513,DS3,Weapon,9080500
12514,DS3,Weapon,9080600
12515,DS3,Weapon,9080700
12516,DS3,Weapon,9080800
12517,DS3,Weapon,9080900
12518,DS3,Weapon,9081000
12519,DS3,Weapon,9081100
12520,DS3,Weapon,9081200
12521,DS3,Weapon,9081300
12522,DS3,Weapon,9081400
12523,DS3,Weapon,9081500
12524,DS3,Weapon,9090000
12525,DS3,Weapon,9090100
12526,DS3,Weapon,9090200
12527,DS3,Weapon,9090300
12528,DS3,Weapon,9090400
12529,DS3,Weapon,9090500
12530,DS3,Weapon,9090600
12531,DS3,Weapon,9090700
12532,DS3,Weapon,9090800
12533,DS3,Weapon,9090900
12534,DS3,Weapon,9091000
12535,DS3,Weapon,9091100
12536,DS3,Weapon,9091200
12537,DS3,Weapon,9091300
12538,DS3,Weapon,9091400
12539,DS3,Weapon,9091500
12540,DS3,Weapon,9100000
12541,DS3,Weapon,9100100
12542,DS3,Weapon,9100200
12543,DS3,Weapon,9100300
12544,DS3,Weapon,9100400
12545,DS3,Weapon,9100500
12546,DS3,Weapon,9100600
12547,DS3,Weapon,9100700
12548,DS3,Weapon,9100800
12549,DS3,Weapon,9100900
12550,DS3,Weapon,9101000
12551,DS3,Weapon,9101100
12552,DS3,Weapon,9101200
12553,DS3,Weapon,9101300
12554,DS3,Weapon,9101400
12555,DS3,Weapon,9101500
12556,DS3,Weapon,9110000
12557,DS3,Weapon,9120000
12558,DS3,Weapon,9120100
12559,DS3,Weapon,9120200
12560,DS3,Weapon,9120300
12561,DS3,Weapon,9120400
12562,DS3,Weapon,9120500
12563,DS3,Weapon,9120600
12564,DS3,Weapon,9120700
12565,DS3,Weapon,9120800
12566,DS3,Weapon,9120900
12567,DS3,Weapon,9121000
12568,DS3,Weapon,9121100
12569,DS3,Weapon,9121200
12570,DS3,Weapon,9121300
12571,DS3,Weapon,9121400
12572,DS3,Weapon,9121500
12573,DS3,Weapon,9130000
12574,DS3,Weapon,9140000
12575,DS3,Weapon,9160000
12576,DS3,Weapon,9170000
12577,DS3,Weapon,9180000
12578,DS3,Weapon,9180100
12579,DS3,Weapon,9180200
12580,DS3,Weapon,9180300
12581,DS3,Weapon,9180400
12582,DS3,Weapon,9180500
12583,DS3,Weapon,9180600
12584,DS3,Weapon,9180700
12585,DS3,Weapon,9180800
12586,DS3,Weapon,9180900
12587,DS3,Weapon,9181000
12588,DS3,Weapon,9181100
12589,DS3,Weapon,9181200
12590,DS3,Weapon,9181300
12591,DS3,Weapon,9181400
12592,DS3,Weapon,9181500
12593,DS3,Weapon,9190000
12594,DS3,Weapon,9200000
12595,DS3,Weapon,9200100
12596,DS3,Weapon,9200200
12597,DS3,Weapon,9200300
12598,DS3,Weapon,9200400
12599,DS3,Weapon,9200500
12600,DS3,Weapon,9200600
12601,DS3,Weapon,9200700
12602,DS3,Weapon,9200800
12603,DS3,Weapon,9200900
12604,DS3,Weapon,9201000
12605,DS3,Weapon,9201100
12606,DS3,Weapon,9201200
12607,DS3,Weapon,9201300
12608,DS3,Weapon,9201400
12609,DS3,Weapon,9201500
12610,DS3,Weapon,9220000
12611,DS3,Weapon,9230000
12612,DS3,Weapon,9230100
12613,DS3,Weapon,9230200
12614,DS3,Weapon,9230300
12615,DS3,Weapon,9230400
12616,DS3,Weapon,9230500
12617,DS3,Weapon,9230600
12618,DS3,Weapon,9230700
12619,DS3,Weapon,9230800
12620,DS3,Weapon,9230900
12621,DS3,Weapon,9231000
12622,DS3,Weapon,9231100
12623,DS3,Weapon,9231200
12624,DS3,Weapon,9231300
12625,DS3,Weapon,9231400
12626,DS3,Weapon,9231500
12627,DS3,Weapon,9240000
12628,DS3,Weapon,9250000
12629,DS3,Weapon,9250100
12630,DS3,Weapon,9250200
12631,DS3,Weapon,9250300
12632,DS3,Weapon,9250400
12633,DS3,Weapon,9250500
12634,DS3,Weapon,9250600
12635,DS3,Weapon,9250700
12636,DS3,Weapon,9250800
12637,DS3,Weapon,9250900
12638,DS3,Weapon,9251000
12639,DS3,Weapon,9251100
12640,DS3,Weapon,9251200
12641,DS3,Weapon,9251300
12642,DS3,Weapon,9251400
12643,DS3,Weapon,9251500
12644,DS3,Weapon,9260000
12645,DS3,Weapon,10000000
12646,DS3,Weapon,10000100
12647,DS3,Weapon,10000200
12648,DS3,Weapon,10000300
12649,DS3,Weapon,10000400
12650,DS3,Weapon,10000500
12651,DS3,Weapon,10000600
12652,DS3,Weapon,10000700
12653,DS3,Weapon,10000800
12654,DS3,Weapon,10000900
12655,DS3,Weapon,10001000
12656,DS3,Weapon,10001100
12657,DS3,Weapon,10001200
12658,DS3,Weapon,10001300
12659,DS3,Weapon,10001400
12660,DS3,Weapon,10001500
12661,DS3,Weapon,10010000
12662,DS3,Weapon,10010100
12663,DS3,Weapon,10010200
12664,DS3,Weapon,10010300
12665,DS3,Weapon,10010400
12666,DS3,Weapon,10010500
12667,DS3,Weapon,10010600
12668,DS3,Weapon,10010700
12669,DS3,Weapon,10010800
12670,DS3,Weapon,10010900
12671,DS3,Weapon,10011000
12672,DS3,Weapon,10011100
12673,DS3,Weapon,10011200
12674,DS3,Weapon,10011300
12675,DS3,Weapon,10011400
12676,DS3,Weapon,10011500
12677,DS3,Weapon,10020000
12678,DS3,Weapon,10020100
12679,DS3,Weapon,10020200
12680,DS3,Weapon,10020300
12681,DS3,Weapon,10020400
12682,DS3,Weapon,10020500
12683,DS3,Weapon,10020600
12684,DS3,Weapon,10020700
12685,DS3,Weapon,10020800
12686,DS3,Weapon,10020900
12687,DS3,Weapon,10021000
12688,DS3,Weapon,10021100
12689,DS3,Weapon,10021200
12690,DS3,Weapon,10021300
12691,DS3,Weapon,10021400
12692,DS3,Weapon,10021500
12693,DS3,Weapon,10030000
12694,DS3,Weapon,10030100
12695,DS3,Weapon,10030200
12696,DS3,Weapon,10030300
12697,DS3,Weapon,10030400
12698,DS3,Weapon,10030500
12699,DS3,Weapon,10030600
12700,DS3,Weapon,10030700
12701,DS3,Weapon,10030800
12702,DS3,Weapon,10030900
12703,DS3,Weapon,10031000
12704,DS3,Weapon,10031100
12705,DS3,Weapon,10031200
12706,DS3,Weapon,10031300
12707,DS3,Weapon,10031400
12708,DS3,Weapon,10031500
12709,DS3,Weapon,10050000
12710,DS3,Weapon,10070000
12711,DS3,Weapon,10080000
12712,DS3,Weapon,10080100
12713,DS3,Weapon,10080200
12714,DS3,Weapon,10080300
12715,DS3,Weapon,10080400
12716,DS3,Weapon,10080500
12717,DS3,Weapon,10080600
12718,DS3,Weapon,10080700
12719,DS3,Weapon,10080800
12720,DS3,Weapon,10080900
12721,DS3,Weapon,10081000
12722,DS3,Weapon,10081100
12723,DS3,Weapon,10081200
12724,DS3,Weapon,10081300
12725,DS3,Weapon,10081400
12726,DS3,Weapon,10081500
12727,DS3,Weapon,10090000
12728,DS3,Weapon,10090100
12729,DS3,Weapon,10090200
12730,DS3,Weapon,10090300
12731,DS3,Weapon,10090400
12732,DS3,Weapon,10090500
12733,DS3,Weapon,10090600
12734,DS3,Weapon,10090700
12735,DS3,Weapon,10090800
12736,DS3,Weapon,10090900
12737,DS3,Weapon,10091000
12738,DS3,Weapon,10091100
12739,DS3,Weapon,10091200
12740,DS3,Weapon,10091300
12741,DS3,Weapon,10091400
12742,DS3,Weapon,10091500
12743,DS3,Weapon,10100000
12744,DS3,Weapon,10140000
12745,DS3,Weapon,10140100
12746,DS3,Weapon,10140200
12747,DS3,Weapon,10140300
12748,DS3,Weapon,10140400
12749,DS3,Weapon,10140500
12750,DS3,Weapon,10140600
12751,DS3,Weapon,10140700
12752,DS3,Weapon,10140800
12753,DS3,Weapon,10140900
12754,DS3,Weapon,10141000
12755,DS3,Weapon,10141100
12756,DS3,Weapon,10141200
12757,DS3,Weapon,10141300
12758,DS3,Weapon,10141400
12759,DS3,Weapon,10141500
12760,DS3,Weapon,10150000
12761,DS3,Weapon,10160000
12762,DS3,Weapon,10170000
12763,DS3,Weapon,10170100
12764,DS3,Weapon,10170200
12765,DS3,Weapon,10170300
12766,DS3,Weapon,10170400
12767,DS3,Weapon,10170500
12768,DS3,Weapon,10170600
12769,DS3,Weapon,10170700
12770,DS3,Weapon,10170800
12771,DS3,Weapon,10170900
12772,DS3,Weapon,10171000
12773,DS3,Weapon,10171100
12774,DS3,Weapon,10171200
12775,DS3,Weapon,10171300
12776,DS3,Weapon,10171400
12777,DS3,Weapon,10171500
12778,DS3,Weapon,10180000
12779,DS3,Weapon,11000000
12780,DS3,Weapon,11000100
12781,DS3,Weapon,11000200
12782,DS3,Weapon,11000300
12783,DS3,Weapon,11000400
12784,DS3,Weapon,11000500
12785,DS3,Weapon,11000600
12786,DS3,Weapon,11000700
12787,DS3,Weapon,11000800
12788,DS3,Weapon,11000900
12789,DS3,Weapon,11001000
12790,DS3,Weapon,11001100
12791,DS3,Weapon,11001200
12792,DS3,Weapon,11001300
12793,DS3,Weapon,11001400
12794,DS3,Weapon,11001500
12795,DS3,Weapon,11010000
12796,DS3,Weapon,11010100
12797,DS3,Weapon,11010200
12798,DS3,Weapon,11010300
12799,DS3,Weapon,11010400
12800,DS3,Weapon,11010500
12801,DS3,Weapon,11010600
12802,DS3,Weapon,11010700
12803,DS3,Weapon,11010800
12804,DS3,Weapon,11010900
12805,DS3,Weapon,11011000
12806,DS3,Weapon,11011100
12807,DS3,Weapon,11011200
12808,DS3,Weapon,11011300
12809,DS3,Weapon,11011400
12810,DS3,Weapon,11011500
12811,DS3,Weapon,11020000
12812,DS3,Weapon,11020100
12813,DS3,Weapon,11020200
12814,DS3,Weapon,11020300
12815,DS3,Weapon,11020400
12816,DS3,Weapon,11020500
12817,DS3,Weapon,11020600
12818,DS3,Weapon,11020700
12819,DS3,Weapon,11020800
12820,DS3,Weapon,11020900
12821,DS3,Weapon,11021000
12822,DS3,Weapon,11021100
12823,DS3,Weapon,11021200
12824,DS3,Weapon,11021300
12825,DS3,Weapon,11021400
12826,DS3,Weapon,11021500
12827,DS3,Weapon,11030000
12828,DS3,Weapon,11040000
12829,DS3,Weapon,11050000
12830,DS3,Weapon,11050100
12831,DS3,Weapon,11050200
12832,DS3,Weapon,11050300
12833,DS3,Weapon,11050400
12834,DS3,Weapon,11050500
12835,DS3,Weapon,11050600
12836,DS3,Weapon,11050700
12837,DS3,Weapon,11050800
12838,DS3,Weapon,11050900
12839,DS3,Weapon,11051000
12840,DS3,Weapon,11051100
12841,DS3,Weapon,11051200
12842,DS3,Weapon,11051300
12843,DS3,Weapon,11051400
12844,DS3,Weapon,11051500
12845,DS3,Weapon,12000000
12846,DS3,Weapon,12000100
12847,DS3,Weapon,12000200
12848,DS3,Weapon,12000300
12849,DS3,Weapon,12000400
12850,DS3,Weapon,12000500
12851,DS3,Weapon,12000600
12852,DS3,Weapon,12000700
12853,DS3,Weapon,12000800
12854,DS3,Weapon,12000900
12855,DS3,Weapon,12001000
12856,DS3,Weapon,12001100
12857,DS3,Weapon,12001200
12858,DS3,Weapon,12001300
12859,DS3,Weapon,12001400
12860,DS3,Weapon,12001500
12861,DS3,Weapon,12040000
12862,DS3,Weapon,12050000
12863,DS3,Weapon,12050100
12864,DS3,Weapon,12050200
12865,DS3,Weapon,12050300
12866,DS3,Weapon,12050400
12867,DS3,Weapon,12050500
12868,DS3,Weapon,12050600
12869,DS3,Weapon,12050700
12870,DS3,Weapon,12050800
12871,DS3,Weapon,12050900
12872,DS3,Weapon,12051000
12873,DS3,Weapon,12051100
12874,DS3,Weapon,12051200
12875,DS3,Weapon,12051300
12876,DS3,Weapon,12051400
12877,DS3,Weapon,12051500
12878,DS3,Weapon,12060000
12879,DS3,Weapon,12070000
12880,DS3,Weapon,13050000
12881,DS3,Weapon,13060000
12882,DS3,Weapon,13070000
12883,DS3,Weapon,13080000
12884,DS3,Weapon,13100000
12885,DS3,Weapon,13110000
12886,DS3,Weapon,13120000
12887,DS3,Weapon,13140000
12888,DS3,Weapon,13160000
12889,DS3,Weapon,13170000
12890,DS3,Weapon,13180000
12891,DS3,Weapon,13190000
12892,DS3,Weapon,13200000
12893,DS3,Weapon,13210000
12894,DS3,Weapon,13220000
12895,DS3,Weapon,13230000
12896,DS3,Weapon,13240000
12897,DS3,Weapon,13250000
12898,DS3,Weapon,13260000
12899,DS3,Weapon,13270000
12900,DS3,Weapon,13280000
12901,DS3,Weapon,13290000
12902,DS3,Weapon,13300000
12903,DS3,Weapon,13400000
12904,DS3,Weapon,13410000
12905,DS3,Weapon,13420000
12906,DS3,Weapon,13430000
12907,DS3,Weapon,13440000
12908,DS3,Weapon,13600000
12909,DS3,Weapon,14010000
12910,DS3,Weapon,14020000
12911,DS3,Weapon,14040000
12912,DS3,Weapon,14050000
12913,DS3,Weapon,14060000
12914,DS3,Weapon,14070000
12915,DS3,Weapon,14090000
12916,DS3,Weapon,14100000
12917,DS3,Weapon,14110000
12918,DS3,Weapon,14120000
12919,DS3,Weapon,14130000
12920,DS3,Weapon,14140000
12921,DS3,Weapon,14150000
12922,DS3,Weapon,14170000
12923,DS3,Weapon,14180000
12924,DS3,Weapon,14190000
12925,DS3,Weapon,16000000
12926,DS3,Weapon,16000100
12927,DS3,Weapon,16000200
12928,DS3,Weapon,16000300
12929,DS3,Weapon,16000400
12930,DS3,Weapon,16000500
12931,DS3,Weapon,16000600
12932,DS3,Weapon,16000700
12933,DS3,Weapon,16000800
12934,DS3,Weapon,16000900
12935,DS3,Weapon,16001000
12936,DS3,Weapon,16001100
12937,DS3,Weapon,16001200
12938,DS3,Weapon,16001300
12939,DS3,Weapon,16001400
12940,DS3,Weapon,16001500
12941,DS3,Weapon,16020000
12942,DS3,Weapon,16020100
12943,DS3,Weapon,16020200
12944,DS3,Weapon,16020300
12945,DS3,Weapon,16020400
12946,DS3,Weapon,16020500
12947,DS3,Weapon,16020600
12948,DS3,Weapon,16020700
12949,DS3,Weapon,16020800
12950,DS3,Weapon,16020900
12951,DS3,Weapon,16021000
12952,DS3,Weapon,16021100
12953,DS3,Weapon,16021200
12954,DS3,Weapon,16021300
12955,DS3,Weapon,16021400
12956,DS3,Weapon,16021500
12957,DS3,Weapon,16030000
12958,DS3,Weapon,16030100
12959,DS3,Weapon,16030200
12960,DS3,Weapon,16030300
12961,DS3,Weapon,16030400
12962,DS3,Weapon,16030500
12963,DS3,Weapon,16030600
12964,DS3,Weapon,16030700
12965,DS3,Weapon,16030800
12966,DS3,Weapon,16030900
12967,DS3,Weapon,16031000
12968,DS3,Weapon,16031100
12969,DS3,Weapon,16031200
12970,DS3,Weapon,16031300
12971,DS3,Weapon,16031400
12972,DS3,Weapon,16031500
12973,DS3,Weapon,16040000
12974,DS3,Weapon,16050000
12975,DS3,Weapon,16050100
12976,DS3,Weapon,16050200
12977,DS3,Weapon,16050300
12978,DS3,Weapon,16050400
12979,DS3,Weapon,16050500
12980,DS3,Weapon,16050600
12981,DS3,Weapon,16050700
12982,DS3,Weapon,16050800
12983,DS3,Weapon,16050900
12984,DS3,Weapon,16051000
12985,DS3,Weapon,16051100
12986,DS3,Weapon,16051200
12987,DS3,Weapon,16051300
12988,DS3,Weapon,16051400
12989,DS3,Weapon,16051500
12990,DS3,Weapon,16060000
12991,DS3,Weapon,16060100
12992,DS3,Weapon,16060200
12993,DS3,Weapon,16060300
12994,DS3,Weapon,16060400
12995,DS3,Weapon,16060500
12996,DS3,Weapon,16060600
12997,DS3,Weapon,16060700
12998,DS3,Weapon,16060800
12999,DS3,Weapon,16060900
13000,DS3,Weapon,16061000
13001,DS3,Weapon,16061100
13002,DS3,Weapon,16061200
13003,DS3,Weapon,16061300
13004,DS3,Weapon,16061400
13005,DS3,Weapon,16061500
13006,DS3,Weapon,16070000
13007,DS3,Weapon,16070100
13008,DS3,Weapon,16070200
13009,DS3,Weapon,16070300
13010,DS3,Weapon,16070400
13011,DS3,Weapon,16070500
13012,DS3,Weapon,16070600
13013,DS3,Weapon,16070700
13014,DS3,Weapon,16070800
13015,DS3,Weapon,16070900
13016,DS3,Weapon,16071000
13017,DS3,Weapon,16071100
13018,DS3,Weapon,16071200
13019,DS3,Weapon,16071300
13020,DS3,Weapon,16071400
13021,DS3,Weapon,16071500
13022,DS3,Weapon,16090000
13023,DS3,Weapon,16090100
13024,DS3,Weapon,16090200
13025,DS3,Weapon,16090300
13026,DS3,Weapon,16090400
13027,DS3,Weapon,16090500
13028,DS3,Weapon,16090600
13029,DS3,Weapon,16090700
13030,DS3,Weapon,16090800
13031,DS3,Weapon,16090900
13032,DS3,Weapon,16091000
13033,DS3,Weapon,16091100
13034,DS3,Weapon,16091200
13035,DS3,Weapon,16091300
13036,DS3,Weapon,16091400
13037,DS3,Weapon,16091500
13038,DS3,Weapon,16100000
13039,DS3,Weapon,16100100
13040,DS3,Weapon,16100200
13041,DS3,Weapon,16100300
13042,DS3,Weapon,16100400
13043,DS3,Weapon,16100500
13044,DS3,Weapon,16100600
13045,DS3,Weapon,16100700
13046,DS3,Weapon,16100800
13047,DS3,Weapon,16100900
13048,DS3,Weapon,16101000
13049,DS3,Weapon,16101100
13050,DS3,Weapon,16101200
13051,DS3,Weapon,16101300
13052,DS3,Weapon,16101400
13053,DS3,Weapon,16101500
13054,DS3,Weapon,16120000
13055,DS3,Weapon,16120100
13056,DS3,Weapon,16120200
13057,DS3,Weapon,16120300
13058,DS3,Weapon,16120400
13059,DS3,Weapon,16120500
13060,DS3,Weapon,16120600
13061,DS3,Weapon,16120700
13062,DS3,Weapon,16120800
13063,DS3,Weapon,16120900
13064,DS3,Weapon,16121000
13065,DS3,Weapon,16121100
13066,DS3,Weapon,16121200
13067,DS3,Weapon,16121300
13068,DS3,Weapon,16121400
13069,DS3,Weapon,16121500
13070,DS3,Weapon,16130000
13071,DS3,Weapon,16130100
13072,DS3,Weapon,16130200
13073,DS3,Weapon,16130300
13074,DS3,Weapon,16130400
13075,DS3,Weapon,16130500
13076,DS3,Weapon,16130600
13077,DS3,Weapon,16130700
13078,DS3,Weapon,16130800
13079,DS3,Weapon,16130900
13080,DS3,Weapon,16131000
13081,DS3,Weapon,16131100
13082,DS3,Weapon,16131200
13083,DS3,Weapon,16131300
13084,DS3,Weapon,16131400
13085,DS3,Weapon,16131500
13086,DS3,Weapon,16140000
13087,DS3,Weapon,16150000
13088,DS3,Weapon,16150100
13089,DS3,Weapon,16150200
13090,DS3,Weapon,16150300
13091,DS3,Weapon,16150400
13092,DS3,Weapon,16150500
13093,DS3,Weapon,16150600
13094,DS3,Weapon,16150700
13095,DS3,Weapon,16150800
13096,DS3,Weapon,16150900
13097,DS3,Weapon,16151000
13098,DS3,Weapon,16151100
13099,DS3,Weapon,16151200
13100,DS3,Weapon,16151300
13101,DS3,Weapon,16151400
13102,DS3,Weapon,16151500
13103,DS3,Weapon,16160000
13104,DS3,Weapon,20000000
13105,DS3,Weapon,20000100
13106,DS3,Weapon,20000200
13107,DS3,Weapon,20000300
13108,DS3,Weapon,20000400
13109,DS3,Weapon,20000500
13110,DS3,Weapon,20000600
13111,DS3,Weapon,20000700
13112,DS3,Weapon,20000800
13113,DS3,Weapon,20000900
13114,DS3,Weapon,20001000
13115,DS3,Weapon,20001100
13116,DS3,Weapon,20001200
13117,DS3,Weapon,20001300
13118,DS3,Weapon,20001400
13119,DS3,Weapon,20001500
13120,DS3,Weapon,20010000
13121,DS3,Weapon,20010100
13122,DS3,Weapon,20010200
13123,DS3,Weapon,20010300
13124,DS3,Weapon,20010400
13125,DS3,Weapon,20010500
13126,DS3,Weapon,20010600
13127,DS3,Weapon,20010700
13128,DS3,Weapon,20010800
13129,DS3,Weapon,20010900
13130,DS3,Weapon,20011000
13131,DS3,Weapon,20011100
13132,DS3,Weapon,20011200
13133,DS3,Weapon,20011300
13134,DS3,Weapon,20011400
13135,DS3,Weapon,20011500
13136,DS3,Weapon,20030000
13137,DS3,Weapon,20030100
13138,DS3,Weapon,20030200
13139,DS3,Weapon,20030300
13140,DS3,Weapon,20030400
13141,DS3,Weapon,20030500
13142,DS3,Weapon,20030600
13143,DS3,Weapon,20030700
13144,DS3,Weapon,20030800
13145,DS3,Weapon,20030900
13146,DS3,Weapon,20031000
13147,DS3,Weapon,20031100
13148,DS3,Weapon,20031200
13149,DS3,Weapon,20031300
13150,DS3,Weapon,20031400
13151,DS3,Weapon,20031500
13152,DS3,Weapon,20040000
13153,DS3,Weapon,20040100
13154,DS3,Weapon,20040200
13155,DS3,Weapon,20040300
13156,DS3,Weapon,20040400
13157,DS3,Weapon,20040500
13158,DS3,Weapon,20040600
13159,DS3,Weapon,20040700
13160,DS3,Weapon,20040800
13161,DS3,Weapon,20040900
13162,DS3,Weapon,20041000
13163,DS3,Weapon,20041100
13164,DS3,Weapon,20041200
13165,DS3,Weapon,20041300
13166,DS3,Weapon,20041400
13167,DS3,Weapon,20041500
13168,DS3,Weapon,20070000
13169,DS3,Weapon,20070100
13170,DS3,Weapon,20070200
13171,DS3,Weapon,20070300
13172,DS3,Weapon,20070400
13173,DS3,Weapon,20070500
13174,DS3,Weapon,20070600
13175,DS3,Weapon,20070700
13176,DS3,Weapon,20070800
13177,DS3,Weapon,20070900
13178,DS3,Weapon,20071000
13179,DS3,Weapon,20071100
13180,DS3,Weapon,20071200
13181,DS3,Weapon,20071300
13182,DS3,Weapon,20071400
13183,DS3,Weapon,20071500
13184,DS3,Weapon,20080000
13185,DS3,Weapon,20080100
13186,DS3,Weapon,20080200
13187,DS3,Weapon,20080300
13188,DS3,Weapon,20080400
13189,DS3,Weapon,20080500
13190,DS3,Weapon,20080600
13191,DS3,Weapon,20080700
13192,DS3,Weapon,20080800
13193,DS3,Weapon,20080900
13194,DS3,Weapon,20081000
13195,DS3,Weapon,20081100
13196,DS3,Weapon,20081200
13197,DS3,Weapon,20081300
13198,DS3,Weapon,20081400
13199,DS3,Weapon,20081500
13200,DS3,Weapon,20110000
13201,DS3,Weapon,20110100
13202,DS3,Weapon,20110200
13203,DS3,Weapon,20110300
13204,DS3,Weapon,20110400
13205,DS3,Weapon,20110500
13206,DS3,Weapon,20110600
13207,DS3,Weapon,20110700
13208,DS3,Weapon,20110800
13209,DS3,Weapon,20110900
13210,DS3,Weapon,20111000
13211,DS3,Weapon,20111100
13212,DS3,Weapon,20111200
13213,DS3,Weapon,20111300
13214,DS3,Weapon,20111400
13215,DS3,Weapon,20111500
13216,DS3,Weapon,20120000
13217,DS3,Weapon,20120100
13218,DS3,Weapon,20120200
13219,DS3,Weapon,20120300
13220,DS3,Weapon,20120400
13221,DS3,Weapon,20120500
13222,DS3,Weapon,20120600
13223,DS3,Weapon,20120700
13224,DS3,Weapon,20120800
13225,DS3,Weapon,20120900
13226,DS3,Weapon,20121000
13227,DS3,Weapon,20121100
13228,DS3,Weapon,20121200
13229,DS3,Weapon,20121300
13230,DS3,Weapon,20121400
13231,DS3,Weapon,20121500
13232,DS3,Weapon,20130000
13233,DS3,Weapon,20130100
13234,DS3,Weapon,20130200
13235,DS3,Weapon,20130300
13236,DS3,Weapon,20130400
13237,DS3,Weapon,20130500
13238,DS3,Weapon,20130600
13239,DS3,Weapon,20130700
13240,DS3,Weapon,20130800
13241,DS3,Weapon,20130900
13242,DS3,Weapon,20131000
13243,DS3,Weapon,20131100
13244,DS3,Weapon,20131200
13245,DS3,Weapon,20131300
13246,DS3,Weapon,20131400
13247,DS3,Weapon,20131500
13248,DS3,Weapon,20150000
13249,DS3,Weapon,20160000
13250,DS3,Weapon,20160100
13251,DS3,Weapon,20160200
13252,DS3,Weapon,20160300
13253,DS3,Weapon,20160400
13254,DS3,Weapon,20160500
13255,DS3,Weapon,20160600
13256,DS3,Weapon,20160700
13257,DS3,Weapon,20160800
13258,DS3,Weapon,20160900
13259,DS3,Weapon,20161000
13260,DS3,Weapon,20161100
13261,DS3,Weapon,20161200
13262,DS3,Weapon,20161300
13263,DS3,Weapon,20161400
13264,DS3,Weapon,20161500
13265,DS3,Weapon,20170000
13266,DS3,Weapon,20170100
13267,DS3,Weapon,20170200
13268,DS3,Weapon,20170300
13269,DS3,Weapon,20170400
13270,DS3,Weapon,20170500
13271,DS3,Weapon,20170600
13272,DS3,Weapon,20170700
13273,DS3,Weapon,20170800
13274,DS3,Weapon,20170900
13275,DS3,Weapon,20171000
13276,DS3,Weapon,20171100
13277,DS3,Weapon,20171200
13278,DS3,Weapon,20171300
13279,DS3,Weapon,20171400
13280,DS3,Weapon,20171500
13281,DS3,Weapon,20180000
13282,DS3,Weapon,20180100
13283,DS3,Weapon,20180200
13284,DS3,Weapon,20180300
13285,DS3,Weapon,20180400
13286,DS3,Weapon,20180500
13287,DS3,Weapon,20180600
13288,DS3,Weapon,20180700
13289,DS3,Weapon,20180800
13290,DS3,Weapon,20180900
13291,DS3,Weapon,20181000
13292,DS3,Weapon,20181100
13293,DS3,Weapon,20181200
13294,DS3,Weapon,20181300
13295,DS3,Weapon,20181400
13296,DS3,Weapon,20181500
13297,DS3,Weapon,20190000
13298,DS3,Weapon,20190100
13299,DS3,Weapon,20190200
13300,DS3,Weapon,20190300
13301,DS3,Weapon,20190400
13302,DS3,Weapon,20190500
13303,DS3,Weapon,20190600
13304,DS3,Weapon,20190700
13305,DS3,Weapon,20190800
13306,DS3,Weapon,20190900
13307,DS3,Weapon,20191000
13308,DS3,Weapon,20191100
13309,DS3,Weapon,20191200
13310,DS3,Weapon,20191300
13311,DS3,Weapon,20191400
13312,DS3,Weapon,20191500
13313,DS3,Weapon,20200000
13314,DS3,Weapon,20200100
13315,DS3,Weapon,20200200
13316,DS3,Weapon,20200300
13317,DS3,Weapon,20200400
13318,DS3,Weapon,20200500
13319,DS3,Weapon,20200600
13320,DS3,Weapon,20200700
13321,DS3,Weapon,20200800
13322,DS3,Weapon,20200900
13323,DS3,Weapon,20201000
13324,DS3,Weapon,20201100
13325,DS3,Weapon,20201200
13326,DS3,Weapon,20201300
13327,DS3,Weapon,20201400
13328,DS3,Weapon,20201500
13329,DS3,Weapon,20210000
13330,DS3,Weapon,20210100
13331,DS3,Weapon,20210200
13332,DS3,Weapon,20210300
13333,DS3,Weapon,20210400
13334,DS3,Weapon,20210500
13335,DS3,Weapon,20210600
13336,DS3,Weapon,20210700
13337,DS3,Weapon,20210800
13338,DS3,Weapon,20210900
13339,DS3,Weapon,20211000
13340,DS3,Weapon,20211100
13341,DS3,Weapon,20211200
13342,DS3,Weapon,20211300
13343,DS3,Weapon,20211400
13344,DS3,Weapon,20211500
13345,DS3,Weapon,20220000
13346,DS3,Weapon,20220100
13347,DS3,Weapon,20220200
13348,DS3,Weapon,20220300
13349,DS3,Weapon,20220400
13350,DS3,Weapon,20220500
13351,DS3,Weapon,20220600
13352,DS3,Weapon,20220700
13353,DS3,Weapon,20220800
13354,DS3,Weapon,20220900
13355,DS3,Weapon,20221000
13356,DS3,Weapon,20221100
13357,DS3,Weapon,20221200
13358,DS3,Weapon,20221300
13359,DS3,Weapon,20221400
13360,DS3,Weapon,20221500
13361,DS3,Weapon,20230000
13362,DS3,Weapon,20230100
13363,DS3,Weapon,20230200
13364,DS3,Weapon,20230300
13365,DS3,Weapon,20230400
13366,DS3,Weapon,20230500
13367,DS3,Weapon,20230600
13368,DS3,Weapon,20230700
13369,DS3,Weapon,20230800
13370,DS3,Weapon,20230900
13371,DS3,Weapon,20231000
13372,DS3,Weapon,20231100
13373,DS3,Weapon,20231200
13374,DS3,Weapon,20231300
13375,DS3,Weapon,20231400
13376,DS3,Weapon,20231500
13377,DS3,Weapon,20240000
13378,DS3,Weapon,20240100
13379,DS3,Weapon,20240200
13380,DS3,Weapon,20240300
13381,DS3,Weapon,20240400
13382,DS3,Weapon,20240500
13383,DS3,Weapon,20240600
13384,DS3,Weapon,20240700
13385,DS3,Weapon,20240800
13386,DS3,Weapon,20240900
13387,DS3,Weapon,20241000
13388,DS3,Weapon,20241100
13389,DS3,Weapon,20241200
13390,DS3,Weapon,20241300
13391,DS3,Weapon,20241400
13392,DS3,Weapon,20241500
13393,DS3,Weapon,20250000
13394,DS3,Weapon,20250100
13395,DS3,Weapon,20250200
13396,DS3,Weapon,20250300
13397,DS3,Weapon,20250400
13398,DS3,Weapon,20250500
13399,DS3,Weapon,20250600
13400,DS3,Weapon,20250700
13401,DS3,Weapon,20250800
13402,DS3,Weapon,20250900
13403,DS3,Weapon,20251000
13404,DS3,Weapon,20251100
13405,DS3,Weapon,20251200
13406,DS3,Weapon,20251300
13407,DS3,Weapon,20251400
13408,DS3,Weapon,20251500
13409,DS3,Weapon,20270000
13410,DS3,Weapon,20270100
13411,DS3,Weapon,20270200
13412,DS3,Weapon,20270300
13413,DS3,Weapon,20270400
13414,DS3,Weapon,20270500
13415,DS3,Weapon,20270600
13416,DS3,Weapon,20270700
13417,DS3,Weapon,20270800
13418,DS3,Weapon,20270900
13419,DS3,Weapon,20271000
13420,DS3,Weapon,20271100
13421,DS3,Weapon,20271200
13422,DS3,Weapon,20271300
13423,DS3,Weapon,20271400
13424,DS3,Weapon,20271500
13425,DS3,Weapon,20280000
13426,DS3,Weapon,20290000
13427,DS3,Weapon,20300000
13428,DS3,Weapon,20300100
13429,DS3,Weapon,20300200
13430,DS3,Weapon,20300300
13431,DS3,Weapon,20300400
13432,DS3,Weapon,20300500
13433,DS3,Weapon,20300600
13434,DS3,Weapon,20300700
13435,DS3,Weapon,20300800
13436,DS3,Weapon,20300900
13437,DS3,Weapon,20301000
13438,DS3,Weapon,20301100
13439,DS3,Weapon,20301200
13440,DS3,Weapon,20301300
13441,DS3,Weapon,20301400
13442,DS3,Weapon,20301500
13443,DS3,Weapon,20310000
13444,DS3,Weapon,21010000
13445,DS3,Weapon,21010100
13446,DS3,Weapon,21010200
13447,DS3,Weapon,21010300
13448,DS3,Weapon,21010400
13449,DS3,Weapon,21010500
13450,DS3,Weapon,21010600
13451,DS3,Weapon,21010700
13452,DS3,Weapon,21010800
13453,DS3,Weapon,21010900
13454,DS3,Weapon,21011000
13455,DS3,Weapon,21011100
13456,DS3,Weapon,21011200
13457,DS3,Weapon,21011300
13458,DS3,Weapon,21011400
13459,DS3,Weapon,21011500
13460,DS3,Weapon,21040000
13461,DS3,Weapon,21040100
13462,DS3,Weapon,21040200
13463,DS3,Weapon,21040300
13464,DS3,Weapon,21040400
13465,DS3,Weapon,21040500
13466,DS3,Weapon,21040600
13467,DS3,Weapon,21040700
13468,DS3,Weapon,21040800
13469,DS3,Weapon,21040900
13470,DS3,Weapon,21041000
13471,DS3,Weapon,21041100
13472,DS3,Weapon,21041200
13473,DS3,Weapon,21041300
13474,DS3,Weapon,21041400
13475,DS3,Weapon,21041500
13476,DS3,Weapon,21060000
13477,DS3,Weapon,21070000
13478,DS3,Weapon,21070100
13479,DS3,Weapon,21070200
13480,DS3,Weapon,21070300
13481,DS3,Weapon,21070400
13482,DS3,Weapon,21070500
13483,DS3,Weapon,21070600
13484,DS3,Weapon,21070700
13485,DS3,Weapon,21070800
13486,DS3,Weapon,21070900
13487,DS3,Weapon,21071000
13488,DS3,Weapon,21071100
13489,DS3,Weapon,21071200
13490,DS3,Weapon,21071300
13491,DS3,Weapon,21071400
13492,DS3,Weapon,21071500
13493,DS3,Weapon,21100000
13494,DS3,Weapon,21120000
13495,DS3,Weapon,21130000
13496,DS3,Weapon,21130100
13497,DS3,Weapon,21130200
13498,DS3,Weapon,21130300
13499,DS3,Weapon,21130400
13500,DS3,Weapon,21130500
13501,DS3,Weapon,21130600
13502,DS3,Weapon,21130700
13503,DS3,Weapon,21130800
13504,DS3,Weapon,21130900
13505,DS3,Weapon,21131000
13506,DS3,Weapon,21131100
13507,DS3,Weapon,21131200
13508,DS3,Weapon,21131300
13509,DS3,Weapon,21131400
13510,DS3,Weapon,21131500
13511,DS3,Weapon,21140000
13512,DS3,Weapon,21140100
13513,DS3,Weapon,21140200
13514,DS3,Weapon,21140300
13515,DS3,Weapon,21140400
13516,DS3,Weapon,21140500
13517,DS3,Weapon,21140600
13518,DS3,Weapon,21140700
13519,DS3,Weapon,21140800
13520,DS3,Weapon,21140900
13521,DS3,Weapon,21141000
13522,DS3,Weapon,21141100
13523,DS3,Weapon,21141200
13524,DS3,Weapon,21141300
13525,DS3,Weapon,21141400
13526,DS3,Weapon,21141500
13527,DS3,Weapon,21150000
13528,DS3,Weapon,21150100
13529,DS3,Weapon,21150200
13530,DS3,Weapon,21150300
13531,DS3,Weapon,21150400
13532,DS3,Weapon,21150500
13533,DS3,Weapon,21150600
13534,DS3,Weapon,21150700
13535,DS3,Weapon,21150800
13536,DS3,Weapon,21150900
13537,DS3,Weapon,21151000
13538,DS3,Weapon,21151100
13539,DS3,Weapon,21151200
13540,DS3,Weapon,21151300
13541,DS3,Weapon,21151400
13542,DS3,Weapon,21151500
13543,DS3,Weapon,21160000
13544,DS3,Weapon,21160100
13545,DS3,Weapon,21160200
13546,DS3,Weapon,21160300
13547,DS3,Weapon,21160400
13548,DS3,Weapon,21160500
13549,DS3,Weapon,21160600
13550,DS3,Weapon,21160700
13551,DS3,Weapon,21160800
13552,DS3,Weapon,21160900
13553,DS3,Weapon,21161000
13554,DS3,Weapon,21161100
13555,DS3,Weapon,21161200
13556,DS3,Weapon,21161300
13557,DS3,Weapon,21161400
13558,DS3,Weapon,21161500
13559,DS3,Weapon,21170000
13560,DS3,Weapon,21180000
13561,DS3,Weapon,21190000
13562,DS3,Weapon,21190100
13563,DS3,Weapon,21190200
13564,DS3,Weapon,21190300
13565,DS3,Weapon,21190400
13566,DS3,Weapon,21190500
13567,DS3,Weapon,21190600
13568,DS3,Weapon,21190700
13569,DS3,Weapon,21190800
13570,DS3,Weapon,21190900
13571,DS3,Weapon,21191000
13572,DS3,Weapon,21191100
13573,DS3,Weapon,21191200
13574,DS3,Weapon,21191300
13575,DS3,Weapon,21191400
13576,DS3,Weapon,21191500
13577,DS3,Weapon,21200000
13578,DS3,Weapon,21210000
13579,DS3,Weapon,21210100
13580,DS3,Weapon,21210200
13581,DS3,Weapon,21210300
13582,DS3,Weapon,21210400
13583,DS3,Weapon,21210500
13584,DS3,Weapon,21210600
13585,DS3,Weapon,21210700
13586,DS3,Weapon,21210800
13587,DS3,Weapon,21210900
13588,DS3,Weapon,21211000
13589,DS3,Weapon,21211100
13590,DS3,Weapon,21211200
13591,DS3,Weapon,21211300
13592,DS3,Weapon,21211400
13593,DS3,Weapon,21211500
13594,DS3,Weapon,21220000
13595,DS3,Weapon,21230000
13596,DS3,Weapon,21230100
13597,DS3,Weapon,21230200
13598,DS3,Weapon,21230300
13599,DS3,Weapon,21230400
13600,DS3,Weapon,21230500
13601,DS3,Weapon,21230600
13602,DS3,Weapon,21230700
13603,DS3,Weapon,21230800
13604,DS3,Weapon,21230900
13605,DS3,Weapon,21231000
13606,DS3,Weapon,21231100
13607,DS3,Weapon,21231200
13608,DS3,Weapon,21231300
13609,DS3,Weapon,21231400
13610,DS3,Weapon,21231500
13611,DS3,Weapon,21240000
13612,DS3,Weapon,21240100
13613,DS3,Weapon,21240200
13614,DS3,Weapon,21240300
13615,DS3,Weapon,21240400
13616,DS3,Weapon,21240500
13617,DS3,Weapon,21240600
13618,DS3,Weapon,21240700
13619,DS3,Weapon,21240800
13620,DS3,Weapon,21240900
13621,DS3,Weapon,21241000
13622,DS3,Weapon,21241100
13623,DS3,Weapon,21241200
13624,DS3,Weapon,21241300
13625,DS3,Weapon,21241400
13626,DS3,Weapon,21241500
13627,DS3,Weapon,21250000
13628,DS3,Weapon,21250100
13629,DS3,Weapon,21250200
13630,DS3,Weapon,21250300
13631,DS3,Weapon,21250400
13632,DS3,Weapon,21250500
13633,DS3,Weapon,21250600
13634,DS3,Weapon,21250700
13635,DS3,Weapon,21250800
13636,DS3,Weapon,21250900
13637,DS3,Weapon,21251000
13638,DS3,Weapon,21251100
13639,DS3,Weapon,21251200
13640,DS3,Weapon,21251300
13641,DS3,Weapon,21251400
13642,DS3,Weapon,21251500
13643,DS3,Weapon,21260000
13644,DS3,Weapon,21270000
13645,DS3,Weapon,21270100
13646,DS3,Weapon,21270200
13647,DS3,Weapon,21270300
13648,DS3,Weapon,21270400
13649,DS3,Weapon,21270500
13650,DS3,Weapon,21270600
13651,DS3,Weapon,21270700
13652,DS3,Weapon,21270800
13653,DS3,Weapon,21270900
13654,DS3,Weapon,21271000
13655,DS3,Weapon,21271100
13656,DS3,Weapon,21271200
13657,DS3,Weapon,21271300
13658,DS3,Weapon,21271400
13659,DS3,Weapon,21271500
13660,DS3,Weapon,21280000
13661,DS3,Weapon,21290000
13662,DS3,Weapon,21290100
13663,DS3,Weapon,21290200
13664,DS3,Weapon,21290300
13665,DS3,Weapon,21290400
13666,DS3,Weapon,21290500
13667,DS3,Weapon,21290600
13668,DS3,Weapon,21290700
13669,DS3,Weapon,21290800
13670,DS3,Weapon,21290900
13671,DS3,Weapon,21291000
13672,DS3,Weapon,21291100
13673,DS3,Weapon,21291200
13674,DS3,Weapon,21291300
13675,DS3,Weapon,21291400
13676,DS3,Weapon,21291500
13677,DS3,Weapon,21300000
13678,DS3,Weapon,21310000
13679,DS3,Weapon,22010000
13680,DS3,Weapon,22010100
13681,DS3,Weapon,22010200
13682,DS3,Weapon,22010300
13683,DS3,Weapon,22010400
13684,DS3,Weapon,22010500
13685,DS3,Weapon,22010600
13686,DS3,Weapon,22010700
13687,DS3,Weapon,22010800
13688,DS3,Weapon,22010900
13689,DS3,Weapon,22011000
13690,DS3,Weapon,22011100
13691,DS3,Weapon,22011200
13692,DS3,Weapon,22011300
13693,DS3,Weapon,22011400
13694,DS3,Weapon,22011500
13695,DS3,Weapon,22020000
13696,DS3,Weapon,22020100
13697,DS3,Weapon,22020200
13698,DS3,Weapon,22020300
13699,DS3,Weapon,22020400
13700,DS3,Weapon,22020500
13701,DS3,Weapon,22020600
13702,DS3,Weapon,22020700
13703,DS3,Weapon,22020800
13704,DS3,Weapon,22020900
13705,DS3,Weapon,22021000
13706,DS3,Weapon,22021100
13707,DS3,Weapon,22021200
13708,DS3,Weapon,22021300
13709,DS3,Weapon,22021400
13710,DS3,Weapon,22021500
13711,DS3,Weapon,22040000
13712,DS3,Weapon,22050000
13713,DS3,Weapon,22070000
13714,DS3,Weapon,22080000
13715,DS3,Weapon,22080100
13716,DS3,Weapon,22080200
13717,DS3,Weapon,22080300
13718,DS3,Weapon,22080400
13719,DS3,Weapon,22080500
13720,DS3,Weapon,22080600
13721,DS3,Weapon,22080700
13722,DS3,Weapon,22080800
13723,DS3,Weapon,22080900
13724,DS3,Weapon,22081000
13725,DS3,Weapon,22081100
13726,DS3,Weapon,22081200
13727,DS3,Weapon,22081300
13728,DS3,Weapon,22081400
13729,DS3,Weapon,22081500
13730,DS3,Weapon,22090000
13731,DS3,Weapon,22100000
13732,DS3,Weapon,22100100
13733,DS3,Weapon,22100200
13734,DS3,Weapon,22100300
13735,DS3,Weapon,22100400
13736,DS3,Weapon,22100500
13737,DS3,Weapon,22100600
13738,DS3,Weapon,22100700
13739,DS3,Weapon,22100800
13740,DS3,Weapon,22100900
13741,DS3,Weapon,22101000
13742,DS3,Weapon,22101100
13743,DS3,Weapon,22101200
13744,DS3,Weapon,22101300
13745,DS3,Weapon,22101400
13746,DS3,Weapon,22101500
13747,DS3,Weapon,22110000
13748,DS3,Weapon,22120000
13749,DS3,Weapon,22130000
13750,DS3,Weapon,22130100
13751,DS3,Weapon,22130200
13752,DS3,Weapon,22130300
13753,DS3,Weapon,22130400
13754,DS3,Weapon,22130500
13755,DS3,Weapon,22130600
13756,DS3,Weapon,22130700
13757,DS3,Weapon,22130800
13758,DS3,Weapon,22130900
13759,DS3,Weapon,22131000
13760,DS3,Weapon,22131100
13761,DS3,Weapon,22131200
13762,DS3,Weapon,22131300
13763,DS3,Weapon,22131400
13764,DS3,Weapon,22131500
13765,DS3,Weapon,22140000
13766,DS3,Weapon,22140100
13767,DS3,Weapon,22140200
13768,DS3,Weapon,22140300
13769,DS3,Weapon,22140400
13770,DS3,Weapon,22140500
13771,DS3,Weapon,22140600
13772,DS3,Weapon,22140700
13773,DS3,Weapon,22140800
13774,DS3,Weapon,22140900
13775,DS3,Weapon,22141000
13776,DS3,Weapon,22141100
13777,DS3,Weapon,22141200
13778,DS3,Weapon,22141300
13779,DS3,Weapon,22141400
13780,DS3,Weapon,22141500
13781,DS3,Weapon,23000000
13782,DS3,Weapon,23010000
13783,DS3,Weapon,63990000
13784,DS3,Weapon,67000000
13785,DS3,Weapon,90040000
13786,DS3,Weapon,90050000
13787,DS3,Weapon,90060000
13788,DS3,Armor,1
13789,DS3,Armor,101000
13790,DS3,Armor,102000
13791,DS3,Armor,103000
13792,DS3,Armor,104000
13793,DS3,Armor,111000
13794,DS3,Armor,112000
13795,DS3,Armor,113000
13796,DS3,Armor,114000
13797,DS3,Armor,121000
13798,DS3,Armor,122000
13799,DS3,Armor,123000
13800,DS3,Armor,124000
13801,DS3,Armor,131000
13802,DS3,Armor,132000
13803,DS3,Armor,133000
13804,DS3,Armor,134000
13805,DS3,Armor,141000
13806,DS3,Armor,142000
13807,DS3,Armor,143000
13808,DS3,Armor,144000
13809,DS3,Armor,151000
13810,DS3,Armor,152000
13811,DS3,Armor,153000
13812,DS3,Armor,154000
13813,DS3,Armor,161000
13814,DS3,Armor,162000
13815,DS3,Armor,163000
13816,DS3,Armor,164000
13817,DS3,Armor,171000
13818,DS3,Armor,172000
13819,DS3,Armor,173000
13820,DS3,Armor,174000
13821,DS3,Armor,181000
13822,DS3,Armor,182000
13823,DS3,Armor,183000
13824,DS3,Armor,184000
13825,DS3,Armor,191000
13826,DS3,Armor,192000
13827,DS3,Armor,193000
13828,DS3,Armor,194000
13829,DS3,Armor,201000
13830,DS3,Armor,202000
13831,DS3,Armor,203000
13832,DS3,Armor,204000
13833,DS3,Armor,211000
13834,DS3,Armor,212000
13835,DS3,Armor,213000
13836,DS3,Armor,214000
13837,DS3,Armor,221000
13838,DS3,Armor,222000
13839,DS3,Armor,223000
13840,DS3,Armor,224000
13841,DS3,Armor,231000
13842,DS3,Armor,232000
13843,DS3,Armor,233000
13844,DS3,Armor,234000
13845,DS3,Armor,241000
13846,DS3,Armor,242000
13847,DS3,Armor,243000
13848,DS3,Armor,244000
13849,DS3,Armor,251000
13850,DS3,Armor,252000
13851,DS3,Armor,253000
13852,DS3,Armor,254000
13853,DS3,Armor,261000
13854,DS3,Armor,262000
13855,DS3,Armor,263000
13856,DS3,Armor,264000
13857,DS3,Armor,271000
13858,DS3,Armor,272000
13859,DS3,Armor,273000
13860,DS3,Armor,274000
13861,DS3,Armor,281000
13862,DS3,Armor,282000
13863,DS3,Armor,283000
13864,DS3,Armor,284000
13865,DS3,Armor,291000
13866,DS3,Armor,292000
13867,DS3,Armor,293000
13868,DS3,Armor,294000
13869,DS3,Armor,301000
13870,DS3,Armor,302000
13871,DS3,Armor,303000
13872,DS3,Armor,304000
13873,DS3,Armor,400000
13874,DS3,Armor,401000
13875,DS3,Armor,402000
13876,DS3,Armor,403000
13877,DS3,Armor,600000
13878,DS3,Armor,601000
13879,DS3,Armor,602000
13880,DS3,Armor,603000
13881,DS3,Armor,610000
13882,DS3,Armor,611000
13883,DS3,Armor,612000
13884,DS3,Armor,613000
13885,DS3,Armor,620000
13886,DS3,Armor,621000
13887,DS3,Armor,622000
13888,DS3,Armor,623000
13889,DS3,Armor,630000
13890,DS3,Armor,631000
13891,DS3,Armor,632000
13892,DS3,Armor,633000
13893,DS3,Armor,640000
13894,DS3,Armor,641000
13895,DS3,Armor,642000
13896,DS3,Armor,643000
13897,DS3,Armor,650000
13898,DS3,Armor,651000
13899,DS3,Armor,652000
13900,DS3,Armor,653000
13901,DS3,Armor,660000
13902,DS3,Armor,661000
13903,DS3,Armor,662000
13904,DS3,Armor,663000
13905,DS3,Armor,670000
13906,DS3,Armor,671000
13907,DS3,Armor,672000
13908,DS3,Armor,673000
13909,DS3,Armor,730000
13910,DS3,Armor,731000
13911,DS3,Armor,732000
13912,DS3,Armor,733000
13913,DS3,Armor,740000
13914,DS3,Armor,741000
13915,DS3,Armor,742000
13916,DS3,Armor,743000
13917,DS3,Armor,750000
13918,DS3,Armor,751000
13919,DS3,Armor,752000
13920,DS3,Armor,753000
13921,DS3,Armor,760000
13922,DS3,Armor,761000
13923,DS3,Armor,762000
13924,DS3,Armor,763000
13925,DS3,Armor,770000
13926,DS3,Armor,771000
13927,DS3,Armor,772000
13928,DS3,Armor,773000
13929,DS3,Armor,780000
13930,DS3,Armor,781000
13931,DS3,Armor,782000
13932,DS3,Armor,783000
13933,DS3,Armor,790000
13934,DS3,Armor,791000
13935,DS3,Armor,792000
13936,DS3,Armor,793000
13937,DS3,Armor,800000
13938,DS3,Armor,801000
13939,DS3,Armor,802000
13940,DS3,Armor,803000
13941,DS3,Armor,810000
13942,DS3,Armor,811000
13943,DS3,Armor,812000
13944,DS3,Armor,813000
13945,DS3,Armor,820000
13946,DS3,Armor,821000
13947,DS3,Armor,822000
13948,DS3,Armor,823000
13949,DS3,Armor,830000
13950,DS3,Armor,831000
13951,DS3,Armor,832000
13952,DS3,Armor,833000
13953,DS3,Armor,840000
13954,DS3,Armor,841000
13955,DS3,Armor,842000
13956,DS3,Armor,843000
13957,DS3,Armor,900000
13958,DS3,Armor,901000
13959,DS3,Armor,902000
13960,DS3,Armor,903000
13961,DS3,Armor,910000
13962,DS3,Armor,911000
13963,DS3,Armor,912000
13964,DS3,Armor,913000
13965,DS3,Armor,920000
13966,DS3,Armor,921000
13967,DS3,Armor,922000
13968,DS3,Armor,923000
13969,DS3,Armor,930000
13970,DS3,Armor,931000
13971,DS3,Armor,932000
13972,DS3,Armor,933000
13973,DS3,Armor,950000
13974,DS3,Armor,951000
13975,DS3,Armor,952000
13976,DS3,Armor,953000
13977,DS3,Armor,961000
13978,DS3,Armor,962000
13979,DS3,Armor,963000
13980,DS3,Armor,964000
13981,DS3,Armor,971000
13982,DS3,Armor,972000
13983,DS3,Armor,973000
13984,DS3,Armor,974000
13985,DS3,Armor,981000
13986,DS3,Armor,982000
13987,DS3,Armor,983000
13988,DS3,Armor,984000
13989,DS3,Armor,991000
13990,DS3,Armor,992000
13991,DS3,Armor,993000
13992,DS3,Armor,994000
13993,DS3,Armor,1000000
13994,DS3,Armor,1001000
13995,DS3,Armor,1002000
13996,DS3,Armor,1003000
13997,DS3,Armor,19000000
13998,DS3,Armor,19001000
13999,DS3,Armor,19002000
14000,DS3,Armor,19003000
14001,DS3,Armor,19500000
14002,DS3,Armor,19501000
14003,DS3,Armor,19502000
14004,DS3,Armor,19503000
14005,DS3,Armor,20000000
14006,DS3,Armor,20000100
14007,DS3,Armor,20001000
14008,DS3,Armor,20002000
14009,DS3,Armor,20003000
14010,DS3,Armor,21000000
14011,DS3,Armor,21001000
14012,DS3,Armor,21002000
14013,DS3,Armor,21003000
14014,DS3,Armor,21500000
14015,DS3,Armor,21501000
14016,DS3,Armor,21502000
14017,DS3,Armor,21503000
14018,DS3,Armor,22000000
14019,DS3,Armor,22001000
14020,DS3,Armor,22002000
14021,DS3,Armor,22003000
14022,DS3,Armor,22500000
14023,DS3,Armor,22501000
14024,DS3,Armor,22502000
14025,DS3,Armor,22503000
14026,DS3,Armor,23000000
14027,DS3,Armor,23001000
14028,DS3,Armor,23002000
14029,DS3,Armor,23003000
14030,DS3,Armor,23100000
14031,DS3,Armor,23101000
14032,DS3,Armor,23500000
14033,DS3,Armor,23501000
14034,DS3,Armor,23502000
14035,DS3,Armor,23503000
14036,DS3,Armor,24000000
14037,DS3,Armor,24001000
14038,DS3,Armor,24002000
14039,DS3,Armor,24003000
14040,DS3,Armor,24500000
14041,DS3,Armor,24501000
14042,DS3,Armor,24502000
14043,DS3,Armor,24503000
14044,DS3,Armor,25000000
14045,DS3,Armor,25001000
14046,DS3,Armor,25002000
14047,DS3,Armor,25003000
14048,DS3,Armor,25500000
14049,DS3,Armor,25501000
14050,DS3,Armor,25502000
14051,DS3,Armor,25503000
14052,DS3,Armor,26000000
14053,DS3,Armor,26001000
14054,DS3,Armor,26002000
14055,DS3,Armor,26003000
14056,DS3,Armor,26500000
14057,DS3,Armor,26501000
14058,DS3,Armor,26502000
14059,DS3,Armor,26503000
14060,DS3,Armor,27000000
14061,DS3,Armor,27001000
14062,DS3,Armor,27002000
14063,DS3,Armor,27003000
14064,DS3,Armor,27500000
14065,DS3,Armor,27501000
14066,DS3,Armor,27502000
14067,DS3,Armor,27503000
14068,DS3,Armor,28000000
14069,DS3,Armor,28001000
14070,DS3,Armor,28002000
14071,DS3,Armor,28003000
14072,DS3,Armor,28501000
14073,DS3,Armor,28502000
14074,DS3,Armor,28503000
14075,DS3,Armor,29000000
14076,DS3,Armor,29001000
14077,DS3,Armor,29002000
14078,DS3,Armor,29003000
14079,DS3,Armor,29500000
14080,DS3,Armor,29501000
14081,DS3,Armor,29502000
14082,DS3,Armor,29503000
14083,DS3,Armor,30000000
14084,DS3,Armor,30001000
14085,DS3,Armor,30002000
14086,DS3,Armor,30003000
14087,DS3,Armor,30101000
14088,DS3,Armor,31000000
14089,DS3,Armor,31001000
14090,DS3,Armor,31002000
14091,DS3,Armor,31003000
14092,DS3,Armor,31100100
14093,DS3,Armor,32000000
14094,DS3,Armor,32000100
14095,DS3,Armor,32001000
14096,DS3,Armor,32002000
14097,DS3,Armor,32003000
14098,DS3,Armor,33000100
14099,DS3,Armor,40000000
14100,DS3,Armor,40001000
14101,DS3,Armor,40003000
14102,DS3,Armor,40100100
14103,DS3,Armor,40200000
14104,DS3,Armor,43000000
14105,DS3,Armor,44000000
14106,DS3,Armor,44001000
14107,DS3,Armor,44002000
14108,DS3,Armor,44003000
14109,DS3,Armor,44500100
14110,DS3,Armor,45000100
14111,DS3,Armor,46000000
14112,DS3,Armor,46001000
14113,DS3,Armor,46002000
14114,DS3,Armor,46003000
14115,DS3,Armor,47000000
14116,DS3,Armor,47001000
14117,DS3,Armor,47002000
14118,DS3,Armor,47003000
14119,DS3,Armor,47500000
14120,DS3,Armor,48000000
14121,DS3,Armor,48001000
14122,DS3,Armor,48002000
14123,DS3,Armor,48003000
14124,DS3,Armor,48500000
14125,DS3,Armor,48501000
14126,DS3,Armor,49000000
14127,DS3,Armor,49001000
14128,DS3,Armor,49002000
14129,DS3,Armor,49003000
14130,DS3,Armor,50000100
14131,DS3,Armor,50500000
14132,DS3,Armor,50501000
14133,DS3,Armor,50502000
14134,DS3,Armor,50503000
14135,DS3,Armor,51000100
14136,DS3,Armor,52000000
14137,DS3,Armor,52001000
14138,DS3,Armor,52002000
14139,DS3,Armor,52003000
14140,DS3,Armor,53000000
14141,DS3,Armor,53001000
14142,DS3,Armor,53002000
14143,DS3,Armor,53003000
14144,DS3,Armor,54000000
14145,DS3,Armor,54001000
14146,DS3,Armor,54002000
14147,DS3,Armor,54003000
14148,DS3,Armor,54500000
14149,DS3,Armor,54501000
14150,DS3,Armor,54502000
14151,DS3,Armor,54503000
14152,DS3,Armor,55000000
14153,DS3,Armor,55001000
14154,DS3,Armor,55002000
14155,DS3,Armor,55003000
14156,DS3,Armor,55500000
14157,DS3,Armor,55501000
14158,DS3,Armor,55502000
14159,DS3,Armor,55503000
14160,DS3,Armor,56000000
14161,DS3,Armor,56001000
14162,DS3,Armor,56002000
14163,DS3,Armor,56003000
14164,DS3,Armor,56500000
14165,DS3,Armor,56501000
14166,DS3,Armor,56503000
14167,DS3,Armor,57000000
14168,DS3,Armor,57001000
14169,DS3,Armor,57002000
14170,DS3,Armor,57003000
14171,DS3,Armor,57500000
14172,DS3,Armor,58000000
14173,DS3,Armor,58001000
14174,DS3,Armor,58002000
14175,DS3,Armor,58003000
14176,DS3,Armor,58500000
14177,DS3,Armor,58501000
14178,DS3,Armor,58502000
14179,DS3,Armor,58503000
14180,DS3,Armor,59000100
14181,DS3,Armor,59500000
14182,DS3,Armor,60000000
14183,DS3,Armor,60001000
14184,DS3,Armor,60002000
14185,DS3,Armor,60003000
14186,DS3,Armor,60500000
14187,DS3,Armor,60501000
14188,DS3,Armor,60502000
14189,DS3,Armor,60503000
14190,DS3,Armor,61000000
14191,DS3,Armor,61001000
14192,DS3,Armor,61002000
14193,DS3,Armor,61003000
14194,DS3,Armor,61500000
14195,DS3,Armor,61501000
14196,DS3,Armor,61503000
14197,DS3,Armor,62000100
14198,DS3,Armor,63000000
14199,DS3,Armor,63001000
14200,DS3,Armor,63002000
14201,DS3,Armor,63003000
14202,DS3,Armor,63500000
14203,DS3,Armor,63501000
14204,DS3,Armor,63502000
14205,DS3,Armor,63503000
14206,DS3,Armor,64000000
14207,DS3,Armor,64001000
14208,DS3,Armor,64002000
14209,DS3,Armor,64003000
14210,DS3,Armor,64501000
14211,DS3,Armor,64502000
14212,DS3,Armor,64503000
14213,DS3,Armor,65000100
14214,DS3,Armor,66000000
14215,DS3,Armor,66001000
14216,DS3,Armor,66003000
14217,DS3,Armor,66501000
14218,DS3,Armor,66503000
14219,DS3,Armor,67000100
14220,DS3,Armor,67500000
14221,DS3,Armor,67501000
14222,DS3,Armor,67502000
14223,DS3,Armor,67503000
14224,DS3,Armor,68001000
14225,DS3,Armor,68002000
14226,DS3,Armor,68003000
14227,DS3,Armor,68500000
14228,DS3,Armor,70000000
14229,DS3,Armor,70001000
14230,DS3,Armor,70002000
14231,DS3,Armor,70003000
14232,DS3,Armor,71000000
14233,DS3,Armor,71001000
14234,DS3,Armor,71002000
14235,DS3,Armor,71003000
14236,DS3,Armor,72000000
14237,DS3,Armor,72001000
14238,DS3,Armor,72002000
14239,DS3,Armor,72003000
14240,DS3,Armor,73000000
14241,DS3,Armor,73001000
14242,DS3,Armor,73002000
14243,DS3,Armor,73003000
14244,DS3,Armor,74000000
14245,DS3,Armor,74001000
14246,DS3,Armor,74002000
14247,DS3,Armor,74003000
14248,DS3,Armor,74500000
14249,DS3,Armor,74501000
14250,DS3,Armor,74502000
14251,DS3,Armor,74503000
14252,DS3,Armor,75000000
14253,DS3,Armor,75001000
14254,DS3,Armor,75002000
14255,DS3,Armor,75003000
14256,DS3,Armor,75500000
14257,DS3,Armor,75501000
14258,DS3,Armor,75502000
14259,DS3,Armor,75503000
14260,DS3,Armor,76000000
14261,DS3,Armor,76001000
14262,DS3,Armor,76002000
14263,DS3,Armor,76003000
14264,DS3,Armor,76500000
14265,DS3,Armor,76501000
14266,DS3,Armor,76502000
14267,DS3,Armor,76503000
14268,DS3,Armor,77000000
14269,DS3,Armor,77001000
14270,DS3,Armor,77002000
14271,DS3,Armor,77003000
14272,DS3,Armor,77500000
14273,DS3,Armor,77501000
14274,DS3,Armor,77502000
14275,DS3,Armor,77503000
14276,DS3,Armor,78001000
14277,DS3,Armor,78002000
14278,DS3,Armor,78003000
14279,DS3,Armor,78500000
14280,DS3,Armor,79000000
14281,DS3,Armor,79001000
14282,DS3,Armor,79002000
14283,DS3,Armor,79003000
14284,DS3,Armor,79500000
14285,DS3,Armor,79501000
14286,DS3,Armor,79502000
14287,DS3,Armor,79503000
14288,DS3,Armor,80000000
14289,DS3,Armor,80001000
14290,DS3,Armor,80002000
14291,DS3,Armor,80003000
14292,DS3,Armor,80500000
14293,DS3,Armor,80501000
14294,DS3,Armor,80502000
14295,DS3,Armor,80503000
14296,DS3,Armor,81000000
14297,DS3,Armor,81001000
14298,DS3,Armor,81002000
14299,DS3,Armor,81003000
14300,DS3,Armor,81500000
14301,DS3,Armor,81501000
14302,DS3,Armor,81502000
14303,DS3,Armor,81503000
14304,DS3,Armor,82000000
14305,DS3,Armor,82001000
14306,DS3,Armor,82002000
14307,DS3,Armor,82003000
14308,DS3,Armor,82500000
14309,DS3,Armor,82501000
14310,DS3,Armor,82502000
14311,DS3,Armor,82503000
14312,DS3,Armor,83000000
14313,DS3,Armor,83001000
14314,DS3,Armor,83002000
14315,DS3,Armor,83003000
14316,DS3,Armor,83500000
14317,DS3,Armor,83501000
14318,DS3,Armor,83502000
14319,DS3,Armor,83503000
14320,DS3,Armor,84000000
14321,DS3,Armor,84001000
14322,DS3,Armor,84002000
14323,DS3,Armor,84003000
14324,DS3,Armor,84500000
14325,DS3,Armor,84501000
14326,DS3,Armor,84502000
14327,DS3,Armor,84503000
14328,DS3,Armor,85000000
14329,DS3,Armor,85001000
14330,DS3,Armor,85002000
14331,DS3,Armor,85003000
14332,DS3,Armor,86000000
14333,DS3,Armor,86001000
14334,DS3,Armor,86002000
14335,DS3,Armor,86003000
14336,DS3,Armor,87000000
14337,DS3,Armor,87001000
14338,DS3,Armor,87002000
14339,DS3,Armor,87003000
14340,DS3,Armor,88000000
14341,DS3,Armor,88001000
14342,DS3,Armor,88002000
14343,DS3,Armor,88003000
14344,DS3,Armor,89001000
14345,DS3,Armor,89002000
14346,DS3,Armor,89003000
14347,DS3,Armor,90000000
14348,DS3,Armor,90001000
14349,DS3,Armor,90002000
14350,DS3,Armor,90003000
14351,DS3,Armor,91000000
14352,DS3,Armor,91001000
14353,DS3,Armor,91002000
14354,DS3,Armor,91003000
14355,DS3,Armor,92000000
14356,DS3,Armor,92001000
14357,DS3,Armor,92002000
14358,DS3,Armor,92003000
14359,DS3,Armor,93000000
14360,DS3,Armor,93001000
14361,DS3,Armor,93002000
14362,DS3,Armor,93003000
14363,DS3,Armor,94000000
14364,DS3,Armor,94001000
14365,DS3,Armor,94002000
14366,DS3,Armor,94003000
14367,DS3,Armor,95000100
14368,DS3,Armor,96000000
14369,DS3,Armor,96001000
14370,DS3,Armor,96002000
14371,DS3,Armor,96003000
14372,DS3,Armor,97000100
14373,DS3,Armor,98000000
14374,DS3,Armor,98001000
14375,DS3,Armor,98002000
14376,DS3,Armor,98003000
14377,DS3,Armor,99000000
14378,DS3,Armor,99001000
14379,DS3,Armor,99002000
14380,DS3,Armor,99003000
14381,DS3,Accessory,10000
14382,DS3,Accessory,10020
14383,DS3,Accessory,10030
14384,DS3,Accessory,10040
14385,DS3,Accessory,10050
14386,DS3,Accessory,10060
14387,DS3,Accessory,10070
14388,DS3,Accessory,10080
14389,DS3,Accessory,10090
14390,DS3,Accessory,20000
14391,DS3,Accessory,20001
14392,DS3,Accessory,20002
14393,DS3,Accessory,20003
14394,DS3,Accessory,20010
14395,DS3,Accessory,20011
14396,DS3,Accessory,20012
14397,DS3,Accessory,20013
14398,DS3,Accessory,20020
14399,DS3,Accessory,20021
14400,DS3,Accessory,20022
14401,DS3,Accessory,20023
14402,DS3,Accessory,20030
14403,DS3,Accessory,20031
14404,DS3,Accessory,20032
14405,DS3,Accessory,20033
14406,DS3,Accessory,20040
14407,DS3,Accessory,20041
14408,DS3,Accessory,20042
14409,DS3,Accessory,20043
14410,DS3,Accessory,20050
14411,DS3,Accessory,20051
14412,DS3,Accessory,20052
14413,DS3,Accessory,20060
14414,DS3,Accessory,20061
14415,DS3,Accessory,20062
14416,DS3,Accessory,20070
14417,DS3,Accessory,20071
14418,DS3,Accessory,20072
14419,DS3,Accessory,20080
14420,DS3,Accessory,20081
14421,DS3,Accessory,20082
14422,DS3,Accessory,20090
14423,DS3,Accessory,20091
14424,DS3,Accessory,20100
14425,DS3,Accessory,20101
14426,DS3,Accessory,20110
14427,DS3,Accessory,20111
14428,DS3,Accessory,20120
14429,DS3,Accessory,20130
14430,DS3,Accessory,20131
14431,DS3,Accessory,20140
14432,DS3,Accessory,20141
14433,DS3,Accessory,20142
14434,DS3,Accessory,20150
14435,DS3,Accessory,20160
14436,DS3,Accessory,20170
14437,DS3,Accessory,20180
14438,DS3,Accessory,20190
14439,DS3,Accessory,20191
14440,DS3,Accessory,20192
14441,DS3,Accessory,20193
14442,DS3,Accessory,20200
14443,DS3,Accessory,20210
14444,DS3,Accessory,20230
14445,DS3,Accessory,20231
14446,DS3,Accessory,20240
14447,DS3,Accessory,20241
14448,DS3,Accessory,20250
14449,DS3,Accessory,20251
14450,DS3,Accessory,20270
14451,DS3,Accessory,20271
14452,DS3,Accessory,20272
14453,DS3,Accessory,20280
14454,DS3,Accessory,20281
14455,DS3,Accessory,20282
14456,DS3,Accessory,20290
14457,DS3,Accessory,20300
14458,DS3,Accessory,20310
14459,DS3,Accessory,20320
14460,DS3,Accessory,20330
14461,DS3,Accessory,20370
14462,DS3,Accessory,20380
14463,DS3,Accessory,20390
14464,DS3,Accessory,20391
14465,DS3,Accessory,20392
14466,DS3,Accessory,20393
14467,DS3,Accessory,20400
14468,DS3,Accessory,20401
14469,DS3,Accessory,20402
14470,DS3,Accessory,20403
14471,DS3,Accessory,20410
14472,DS3,Accessory,20420
14473,DS3,Accessory,20430
14474,DS3,Accessory,20440
14475,DS3,Accessory,20450
14476,DS3,Accessory,20460
14477,DS3,Accessory,20470
14478,DS3,Accessory,20480
14479,DS3,Accessory,20490
14480,DS3,Accessory,20500
14481,DS3,Accessory,20510
14482,DS3,Accessory,20520
14483,DS3,Accessory,20540
14484,DS3,Accessory,20550
14485,DS3,Accessory,20560
14486,DS3,Accessory,20580
14487,DS3,Accessory,20590
14488,DS3,Accessory,20591
14489,DS3,Accessory,20592
14490,DS3,Accessory,20593
14491,DS3,Accessory,20600
14492,DS3,Accessory,20610
14493,DS3,Accessory,20620
14494,DS3,Accessory,20630
14495,DS3,Accessory,20660
14496,DS3,Accessory,20670
14497,DS3,Accessory,20700
14498,DS3,Accessory,20710
14499,DS3,Accessory,20720
14500,DS3,Accessory,20730
14501,DS3,Accessory,20740
14502,DS3,Accessory,20750
14503,DS3,Accessory,20790
14504,DS3,Accessory,20830
14505,DS3,Accessory,21000
14506,DS3,Accessory,900200
14507,DS3,Accessory,900201
14508,DS3,Accessory,900202
14509,DS3,Accessory,900204
14510,DS3,Accessory,900210
14511,DS3,Accessory,900211
14512,DS3,Accessory,900212
14513,DS3,Accessory,910000
14514,DS3,Goods,60
14515,DS3,Goods,61
14516,DS3,Goods,62
14517,DS3,Goods,63
14518,DS3,Goods,64
14519,DS3,Goods,65
14520,DS3,Goods,66
14521,DS3,Goods,67
14522,DS3,Goods,68
14523,DS3,Goods,69
14524,DS3,Goods,94
14525,DS3,Goods,100
14526,DS3,Goods,101
14527,DS3,Goods,102
14528,DS3,Goods,103
14529,DS3,Goods,108
14530,DS3,Goods,111
14531,DS3,Goods,115
14532,DS3,Goods,117
14533,DS3,Goods,119
14534,DS3,Goods,150
14535,DS3,Goods,151
14536,DS3,Goods,152
14537,DS3,Goods,153
14538,DS3,Goods,154
14539,DS3,Goods,155
14540,DS3,Goods,156
14541,DS3,Goods,157
14542,DS3,Goods,158
14543,DS3,Goods,159
14544,DS3,Goods,160
14545,DS3,Goods,161
14546,DS3,Goods,162
14547,DS3,Goods,163
14548,DS3,Goods,164
14549,DS3,Goods,165
14550,DS3,Goods,166
14551,DS3,Goods,167
14552,DS3,Goods,168
14553,DS3,Goods,169
14554,DS3,Goods,170
14555,DS3,Goods,171
14556,DS3,Goods,190
14557,DS3,Goods,191
14558,DS3,Goods,192
14559,DS3,Goods,193
14560,DS3,Goods,194
14561,DS3,Goods,195
14562,DS3,Goods,196
14563,DS3,Goods,197
14564,DS3,Goods,198
14565,DS3,Goods,199
14566,DS3,Goods,200
14567,DS3,Goods,201
14568,DS3,Goods,202
14569,DS3,Goods,203
14570,DS3,Goods,204
14571,DS3,Goods,205
14572,DS3,Goods,206
14573,DS3,Goods,207
14574,DS3,Goods,208
14575,DS3,Goods,209
14576,DS3,Goods,210
14577,DS3,Goods,211
14578,DS3,Goods,240
14579,DS3,Goods,241
14580,DS3,Goods,260
14581,DS3,Goods,261
14582,DS3,Goods,262
14583,DS3,Goods,270
14584,DS3,Goods,271
14585,DS3,Goods,272
14586,DS3,Goods,274
14587,DS3,Goods,276
14588,DS3,Goods,280
14589,DS3,Goods,290
14590,DS3,Goods,292
14591,DS3,Goods,293
14592,DS3,Goods,294
14593,DS3,Goods,296
14594,DS3,Goods,297
14595,DS3,Goods,299
14596,DS3,Goods,300
14597,DS3,Goods,302
14598,DS3,Goods,303
14599,DS3,Goods,304
14600,DS3,Goods,310
14601,DS3,Goods,311
14602,DS3,Goods,315
14603,DS3,Goods,330
14604,DS3,Goods,331
14605,DS3,Goods,334
14606,DS3,Goods,335
14607,DS3,Goods,336
14608,DS3,Goods,340
14609,DS3,Goods,341
14610,DS3,Goods,343
14611,DS3,Goods,350
14612,DS3,Goods,351
14613,DS3,Goods,366
14614,DS3,Goods,367
14615,DS3,Goods,368
14616,DS3,Goods,369
14617,DS3,Goods,370
14618,DS3,Goods,371
14619,DS3,Goods,372
14620,DS3,Goods,373
14621,DS3,Goods,374
14622,DS3,Goods,375
14623,DS3,Goods,376
14624,DS3,Goods,377
14625,DS3,Goods,378
14626,DS3,Goods,379
14627,DS3,Goods,380
14628,DS3,Goods,385
14629,DS3,Goods,387
14630,DS3,Goods,388
14631,DS3,Goods,390
14632,DS3,Goods,400
14633,DS3,Goods,401
14634,DS3,Goods,402
14635,DS3,Goods,403
14636,DS3,Goods,404
14637,DS3,Goods,405
14638,DS3,Goods,406
14639,DS3,Goods,407
14640,DS3,Goods,408
14641,DS3,Goods,409
14642,DS3,Goods,410
14643,DS3,Goods,411
14644,DS3,Goods,412
14645,DS3,Goods,413
14646,DS3,Goods,414
14647,DS3,Goods,415
14648,DS3,Goods,416
14649,DS3,Goods,417
14650,DS3,Goods,418
14651,DS3,Goods,419
14652,DS3,Goods,420
14653,DS3,Goods,440
14654,DS3,Goods,452
14655,DS3,Goods,454
14656,DS3,Goods,455
14657,DS3,Goods,456
14658,DS3,Goods,457
14659,DS3,Goods,458
14660,DS3,Goods,459
14661,DS3,Goods,460
14662,DS3,Goods,461
14663,DS3,Goods,462
14664,DS3,Goods,463
14665,DS3,Goods,490
14666,DS3,Goods,500
14667,DS3,Goods,520
14668,DS3,Goods,521
14669,DS3,Goods,522
14670,DS3,Goods,523
14671,DS3,Goods,524
14672,DS3,Goods,650
14673,DS3,Goods,651
14674,DS3,Goods,712
14675,DS3,Goods,714
14676,DS3,Goods,715
14677,DS3,Goods,717
14678,DS3,Goods,718
14679,DS3,Goods,719
14680,DS3,Goods,720
14681,DS3,Goods,721
14682,DS3,Goods,722
14683,DS3,Goods,724
14684,DS3,Goods,725
14685,DS3,Goods,726
14686,DS3,Goods,727
14687,DS3,Goods,728
14688,DS3,Goods,729
14689,DS3,Goods,731
14690,DS3,Goods,732
14691,DS3,Goods,733
14692,DS3,Goods,739
14693,DS3,Goods,743
14694,DS3,Goods,744
14695,DS3,Goods,745
14696,DS3,Goods,746
14697,DS3,Goods,747
14698,DS3,Goods,1000
14699,DS3,Goods,1001
14700,DS3,Goods,1002
14701,DS3,Goods,1003
14702,DS3,Goods,1020
14703,DS3,Goods,1030
14704,DS3,Goods,1100
14705,DS3,Goods,1110
14706,DS3,Goods,1120
14707,DS3,Goods,1130
14708,DS3,Goods,1140
14709,DS3,Goods,1150
14710,DS3,Goods,1160
14711,DS3,Goods,1170
14712,DS3,Goods,1180
14713,DS3,Goods,1190
14714,DS3,Goods,1200
14715,DS3,Goods,1210
14716,DS3,Goods,1220
14717,DS3,Goods,1230
14718,DS3,Goods,1240
14719,DS3,Goods,1250
14720,DS3,Goods,2001
14721,DS3,Goods,2005
14722,DS3,Goods,2007
14723,DS3,Goods,2008
14724,DS3,Goods,2009
14725,DS3,Goods,2010
14726,DS3,Goods,2011
14727,DS3,Goods,2012
14728,DS3,Goods,2013
14729,DS3,Goods,2014
14730,DS3,Goods,2015
14731,DS3,Goods,2102
14732,DS3,Goods,2103
14733,DS3,Goods,2104
14734,DS3,Goods,2105
14735,DS3,Goods,2106
14736,DS3,Goods,2107
14737,DS3,Goods,2108
14738,DS3,Goods,2109
14739,DS3,Goods,2110
14740,DS3,Goods,2111
14741,DS3,Goods,2112
14742,DS3,Goods,2113
14743,DS3,Goods,2114
14744,DS3,Goods,2115
14745,DS3,Goods,2116
14746,DS3,Goods,2117
14747,DS3,Goods,2118
14748,DS3,Goods,2119
14749,DS3,Goods,2120
14750,DS3,Goods,2121
14751,DS3,Goods,2123
14752,DS3,Goods,2124
14753,DS3,Goods,2125
14754,DS3,Goods,2126
14755,DS3,Goods,2127
14756,DS3,Goods,2128
14757,DS3,Goods,2129
14758,DS3,Goods,2130
14759,DS3,Goods,2131
14760,DS3,Goods,2132
14761,DS3,Goods,2133
14762,DS3,Goods,2134
14763,DS3,Goods,2135
14764,DS3,Goods,2137
14765,DS3,Goods,2138
14766,DS3,Goods,2139
14767,DS3,Goods,2140
14768,DS3,Goods,2141
14769,DS3,Goods,2142
14770,DS3,Goods,2143
14771,DS3,Goods,2144
14772,DS3,Goods,2145
14773,DS3,Goods,2146
14774,DS3,Goods,2147
14775,DS3,Goods,2148
14776,DS3,Goods,2149
14777,DS3,Goods,2150
14778,DS3,Goods,2151
14779,DS3,Goods,2152
14780,DS3,Goods,2153
14781,DS3,Goods,2154
14782,DS3,Goods,2155
14783,DS3,Goods,2156
14784,DS3,Goods,2157
14785,DS3,Goods,2158
14786,DS3,Goods,2159
14787,DS3,Goods,9000
14788,DS3,Goods,9001
14789,DS3,Goods,9002
14790,DS3,Goods,9003
14791,DS3,Goods,9004
14792,DS3,Goods,9005
14793,DS3,Goods,9006
14794,DS3,Goods,9007
14795,DS3,Goods,9008
14796,DS3,Goods,9009
14797,DS3,Goods,9012
14798,DS3,Goods,9013
14799,DS3,Goods,9014
14800,DS3,Goods,9015
14801,DS3,Goods,9016
14802,DS3,Goods,9017
14803,DS3,Goods,9018
14804,DS3,Goods,9019
14805,DS3,Goods,9020
14806,DS3,Goods,9021
14807,DS3,Goods,9023
14808,DS3,Goods,9024
14809,DS3,Goods,9025
14810,DS3,Goods,9026
14811,DS3,Goods,9027
14812,DS3,Goods,9028
14813,DS3,Goods,9029
14814,DS3,Goods,9030
14815,DS3,Goods,9031
14816,DS3,Goods,9032
14817,DS3,Goods,9033
14818,DS3,Goods,9034
14819,DS3,Goods,9035
14820,DS3,Goods,100000
14821,DS3,Goods,100002
14822,DS3,Goods,100010
14823,DS3,Goods,100011
14824,DS3,Goods,100020
14825,DS3,Goods,100021
14826,DS3,Goods,1200000
14827,DS3,Goods,1210000
14828,DS3,Goods,1300000
14829,DS3,Goods,1301000
14830,DS3,Goods,1302000
14831,DS3,Goods,1303000
14832,DS3,Goods,1304000
14833,DS3,Goods,1305000
14834,DS3,Goods,1306000
14835,DS3,Goods,1307000
14836,DS3,Goods,1308000
14837,DS3,Goods,1309000
14838,DS3,Goods,1310000
14839,DS3,Goods,1311000
14840,DS3,Goods,1312000
14841,DS3,Goods,1313000
14842,DS3,Goods,1330000
14843,DS3,Goods,1331000
14844,DS3,Goods,1340000
14845,DS3,Goods,1341000
14846,DS3,Goods,1350000
14847,DS3,Goods,1353000
14848,DS3,Goods,1354000
14849,DS3,Goods,1355000
14850,DS3,Goods,1356000
14851,DS3,Goods,1370000
14852,DS3,Goods,1372000
14853,DS3,Goods,1373000
14854,DS3,Goods,1374000
14855,DS3,Goods,1375000
14856,DS3,Goods,1376000
14857,DS3,Goods,1603000
14858,DS3,Goods,1604000
14859,DS3,Goods,1613000
14860,DS3,Goods,1620000
14861,DS3,Goods,1651000
14862,DS3,Goods,1740000
14863,DS3,Goods,1741000
14864,DS3,Goods,2400000
14865,DS3,Goods,2402000
14866,DS3,Goods,2403000
14867,DS3,Goods,2405000
14868,DS3,Goods,2407000
14869,DS3,Goods,2411000
14870,DS3,Goods,2420000
14871,DS3,Goods,2421000
14872,DS3,Goods,2422000
14873,DS3,Goods,2430000
14874,DS3,Goods,2431000
14875,DS3,Goods,2435000
14876,DS3,Goods,2436000
14877,DS3,Goods,2440000
14878,DS3,Goods,2450000
14879,DS3,Goods,2451000
14880,DS3,Goods,2452000
14881,DS3,Goods,2453000
14882,DS3,Goods,2455000
14883,DS3,Goods,2456000
14884,DS3,Goods,2457000
14885,DS3,Goods,2458000
14886,DS3,Goods,2470000
14887,DS3,Goods,2562000
14888,DS3,Goods,2610000
14889,DS3,Goods,2620000
14890,DS3,Goods,2630000
14891,DS3,Goods,2640000
14892,DS3,Goods,2650000
14893,DS3,Goods,2660000
14894,DS3,Goods,3490000
14895,DS3,Goods,3500000
14896,DS3,Goods,3501000
14897,DS3,Goods,3502000
14898,DS3,Goods,3503000
14899,DS3,Goods,3504000
14900,DS3,Goods,3505000
14901,DS3,Goods,3507000
14902,DS3,Goods,3508000
14903,DS3,Goods,3509000
14904,DS3,Goods,3520000
14905,DS3,Goods,3521000
14906,DS3,Goods,3530000
14907,DS3,Goods,3531000
14908,DS3,Goods,3532000
14909,DS3,Goods,3540000
14910,DS3,Goods,3550000
14911,DS3,Goods,3551000
14912,DS3,Goods,3552000
14913,DS3,Goods,3553000
14914,DS3,Goods,3554000
14915,DS3,Goods,3555000
14916,DS3,Goods,3556000
14917,DS3,Goods,3557000
14918,DS3,Goods,3560000
14919,DS3,Goods,3561000
14920,DS3,Goods,3563000
14921,DS3,Goods,3581000
14922,DS3,Goods,3590000
14923,DS3,Goods,3591000
14924,DS3,Goods,3640000
14925,DS3,Goods,3700000
14926,DS3,Goods,3710000
14927,DS3,Goods,3720000
14928,DS3,Goods,3730000
14929,DS3,Goods,3760000
14930,DS3,Goods,3770000
14931,DS3,Goods,3780000
